DateTime,9.498067 76.338848
2012-01-01,23.1804
2012-01-02,0.0000
2012-01-03,0.0000
2012-01-04,0.0000
2012-01-05,0.0000
2012-01-06,0.0000
2012-01-07,0.0000
2012-01-08,0.0000
2012-01-09,0.0000
2012-01-10,0.0000
2012-01-11,0.4842
2012-01-12,0.0000
2012-01-13,0.0000
2012-01-14,0.0000
2012-01-15,0.0000
2012-01-16,0.0000
2012-01-17,0.0000
2012-01-18,0.0000
2012-01-19,0.0000
2012-01-20,0.0000
2012-01-21,0.0000
2012-01-22,0.0000
2012-01-23,0.0000
2012-01-24,0.0000
2012-01-25,0.0000
2012-01-26,0.0000
2012-01-27,0.0000
2012-01-28,0.0000
2012-01-29,0.0000
2012-01-30,0.0000
2012-01-31,0.0000
2012-02-01,0.0000
2012-02-02,0.0000
2012-02-03,0.0000
2012-02-04,0.0000
2012-02-05,0.0000
2012-02-06,0.0000
2012-02-07,0.0000
2012-02-08,0.0000
2012-02-09,0.0000
2012-02-10,0.0000
2012-02-11,0.9543
2012-02-12,27.0341
2012-02-13,0.0000
2012-02-14,0.0000
2012-02-15,0.0000
2012-02-16,0.0000
2012-02-17,0.0000
2012-02-18,0.0000
2012-02-19,0.0000
2012-02-20,0.0000
2012-02-21,0.0000
2012-02-22,0.0000
2012-02-23,0.0000
2012-02-24,0.0000
2012-02-25,0.0000
2012-02-26,0.0000
2012-02-27,0.0000
2012-02-28,0.0000
2012-02-29,0.0000
2012-03-01,0.0000
2012-03-02,0.0000
2012-03-03,0.8801
2012-03-04,0.0000
2012-03-05,0.0000
2012-03-06,0.7598
2012-03-07,0.0000
2012-03-08,1.6367
2012-03-09,0.0000
2012-03-10,0.0000
2012-03-11,0.0000
2012-03-12,0.0000
2012-03-13,0.0000
2012-03-14,0.0000
2012-03-15,0.0000
2012-03-16,0.0000
2012-03-17,41.0571
2012-03-18,0.0000
2012-03-19,0.0000
2012-03-20,0.0000
2012-03-21,0.0000
2012-03-22,0.0000
2012-03-23,15.0668
2012-03-24,0.0000
2012-03-25,0.0000
2012-03-26,0.0000
2012-03-27,0.0000
2012-03-28,0.0000
2012-03-29,2.9037
2012-03-30,6.3282
2012-03-31,0.0000
2012-04-01,0.2680
2012-04-02,0.0000
2012-04-03,0.0000
2012-04-04,0.0000
2012-04-05,9.0943
2012-04-06,0.0000
2012-04-07,0.2408
2012-04-08,0.0000
2012-04-09,2.1714
2012-04-10,0.0000
2012-04-11,0.2424
2012-04-12,8.2851
2012-04-13,3.8717
2012-04-14,0.0000
2012-04-15,0.1805
2012-04-16,4.4199
2012-04-17,0.0000
2012-04-18,0.0000
2012-04-19,0.0000
2012-04-20,0.0000
2012-04-21,22.7543
2012-04-22,6.1497
2012-04-23,14.6939
2012-04-24,14.3271
2012-04-25,26.1056
2012-04-26,31.3930
2012-04-27,10.2884
2012-04-28,16.9117
2012-04-29,0.0000
2012-04-30,20.3703
2012-05-01,1.0306
2012-05-02,0.0000
2012-05-03,3.2422
2012-05-04,11.0858
2012-05-05,17.8234
2012-05-06,39.6030
2012-05-07,0.0000
2012-05-08,0.0000
2012-05-09,0.0000
2012-05-10,0.0000
2012-05-11,0.0000
2012-05-12,26.7808
2012-05-13,0.0000
2012-05-14,0.0000
2012-05-15,0.0000
2012-05-16,11.0632
2012-05-17,0.5558
2012-05-18,0.0000
2012-05-19,0.3127
2012-05-20,0.0000
2012-05-21,1.1209
2012-05-22,0.2354
2012-05-23,0.0000
2012-05-24,9.3783
2012-05-25,0.7975
2012-05-26,1.3837
2012-05-27,0.2306
2012-05-28,5.5903
2012-05-29,1.0762
2012-05-30,0.1537
2012-05-31,0.3127
2012-06-01,2.4599
2012-06-02,1.0762
2012-06-03,3.5073
2012-06-04,3.0490
2012-06-05,23.3867
2012-06-06,6.2341
2012-06-07,22.2645
2012-06-08,10.9381
2012-06-09,2.0445
2012-06-10,1.0420
2012-06-11,0.0000
2012-06-12,0.0000
2012-06-13,12.7097
2012-06-14,1.0537
2012-06-15,2.1484
2012-06-16,44.3649
2012-06-17,33.2169
2012-06-18,29.6997
2012-06-19,9.1508
2012-06-20,0.0000
2012-06-21,1.0721
2012-06-22,10.3606
2012-06-23,5.1832
2012-06-24,1.2952
2012-06-25,0.0000
2012-06-26,2.3061
2012-06-27,0.5418
2012-06-28,12.5933
2012-06-29,4.0422
2012-06-30,17.3726
2012-07-01,20.3663
2012-07-02,26.5143
2012-07-03,17.7678
2012-07-04,10.6093
2012-07-05,3.7938
2012-07-06,0.2234
2012-07-07,5.8683
2012-07-08,4.3240
2012-07-09,10.4081
2012-07-10,36.6099
2012-07-11,44.2299
2012-07-12,17.6751
2012-07-13,1.6445
2012-07-14,9.9457
2012-07-15,0.1844
2012-07-16,0.2306
2012-07-17,0.0000
2012-07-18,0.0000
2012-07-19,0.8079
2012-07-20,0.0000
2012-07-21,10.1852
2012-07-22,4.7982
2012-07-23,8.2340
2012-07-24,4.1265
2012-07-25,5.9848
2012-07-26,8.6734
2012-07-27,0.0000
2012-07-28,0.0000
2012-07-29,6.5021
2012-07-30,0.8508
2012-07-31,0.0000
2012-08-01,0.3844
2012-08-02,0.0000
2012-08-03,0.0000
2012-08-04,0.1340
2012-08-05,0.8659
2012-08-06,4.8692
2012-08-07,4.0982
2012-08-08,14.6854
2012-08-09,19.4409
2012-08-10,33.5401
2012-08-11,6.1771
2012-08-12,3.0476
2012-08-13,3.0427
2012-08-14,1.8388
2012-08-15,46.3471
2012-08-16,4.5092
2012-08-17,23.2936
2012-08-18,43.1159
2012-08-19,3.9376
2012-08-20,0.9225
2012-08-21,0.0000
2012-08-22,1.4315
2012-08-23,0.0000
2012-08-24,11.9597
2012-08-25,50.0094
2012-08-26,22.7253
2012-08-27,3.4465
2012-08-28,4.2835
2012-08-29,25.5502
2012-08-30,24.0110
2012-08-31,21.9327
2012-09-01,9.4866
2012-09-02,2.7165
2012-09-03,11.6232
2012-09-04,41.1424
2012-09-05,22.7249
2012-09-06,0.2306
2012-09-07,26.7303
2012-09-08,1.8154
2012-09-09,0.4642
2012-09-10,5.4949
2012-09-11,0.4319
2012-09-12,0.0000
2012-09-13,0.0000
2012-09-14,65.1258
2012-09-15,17.7202
2012-09-16,8.9303
2012-09-17,5.6461
2012-09-18,0.0000
2012-09-19,0.0000
2012-09-20,0.0000
2012-09-21,0.0000
2012-09-22,6.5668
2012-09-23,0.0000
2012-09-24,0.0000
2012-09-25,0.0000
2012-09-26,0.0000
2012-09-27,0.0000
2012-09-28,0.0000
2012-09-29,0.4612
2012-09-30,1.5635
2012-10-01,0.0000
2012-10-02,0.0000
2012-10-03,0.0000
2012-10-04,0.0000
2012-10-05,0.0000
2012-10-06,0.0000
2012-10-07,0.0000
2012-10-08,0.0000
2012-10-09,1.4606
2012-10-10,0.0000
2012-10-11,4.0291
2012-10-12,2.9139
2012-10-13,4.2563
2012-10-14,6.1198
2012-10-15,10.9940
2012-10-16,1.3349
2012-10-17,5.3452
2012-10-18,2.8444
2012-10-19,12.2054
2012-10-20,2.4530
2012-10-21,14.8328
2012-10-22,33.4468
2012-10-23,4.0286
2012-10-24,13.6435
2012-10-25,0.0000
2012-10-26,0.0000
2012-10-27,7.3797
2012-10-28,0.0000
2012-10-29,15.1323
2012-10-30,0.2519
2012-10-31,2.9774
2012-11-01,17.8469
2012-11-02,5.4371
2012-11-03,0.0000
2012-11-04,0.0000
2012-11-05,0.0000
2012-11-06,0.0000
2012-11-07,0.0000
2012-11-08,15.3192
2012-11-09,3.2257
2012-11-10,0.2013
2012-11-11,0.0000
2012-11-12,13.4235
2012-11-13,3.1581
2012-11-14,0.0000
2012-11-15,0.0000
2012-11-16,0.0000
2012-11-17,0.0000
2012-11-18,0.0000
2012-11-19,0.0000
2012-11-20,0.0000
2012-11-21,0.0000
2012-11-22,0.1435
2012-11-23,0.0000
2012-11-24,0.0000
2012-11-25,0.6696
2012-11-26,0.0000
2012-11-27,0.0000
2012-11-28,0.0000
2012-11-29,0.0000
2012-11-30,0.0000
2012-12-01,0.0000
2012-12-02,0.0000
2012-12-03,0.0000
2012-12-04,0.0000
2012-12-05,0.0000
2012-12-06,0.0000
2012-12-07,0.0000
2012-12-08,0.0000
2012-12-09,0.0000
2012-12-10,0.0000
2012-12-11,0.0000
2012-12-12,0.0000
2012-12-13,0.0000
2012-12-14,0.0000
2012-12-15,0.0000
2012-12-16,0.0000
2012-12-17,0.0000
2012-12-18,0.0000
2012-12-19,0.0000
2012-12-20,0.0000
2012-12-21,0.0000
2012-12-22,0.0000
2012-12-23,0.0000
2012-12-24,0.0000
2012-12-25,0.0000
2012-12-26,0.0000
2012-12-27,0.0000
2012-12-28,1.0819
2012-12-29,0.0000
2012-12-30,2.0303
2012-12-31,0.0000
2013-01-01,7.4269
2013-01-02,0.0000
2013-01-03,0.0000
2013-01-04,0.0000
2013-01-05,0.0000
2013-01-06,0.0000
2013-01-07,0.0000
2013-01-08,3.3349
2013-01-09,0.0000
2013-01-10,0.0000
2013-01-11,0.0000
2013-01-12,0.0000
2013-01-13,0.0000
2013-01-14,0.0000
2013-01-15,0.0000
2013-01-16,0.0000
2013-01-17,0.0000
2013-01-18,0.0000
2013-01-19,0.0000
2013-01-20,0.0000
2013-01-21,0.0000
2013-01-22,0.0000
2013-01-23,0.0000
2013-01-24,0.0000
2013-01-25,0.0000
2013-01-26,0.0000
2013-01-27,0.0000
2013-01-28,0.0000
2013-01-29,0.0000
2013-01-30,0.0000
2013-01-31,0.0000
2013-02-01,0.0000
2013-02-02,0.0000
2013-02-03,0.0000
2013-02-04,0.0000
2013-02-05,0.0000
2013-02-06,14.2557
2013-02-07,37.0563
2013-02-08,0.0000
2013-02-09,0.0000
2013-02-10,0.0000
2013-02-11,0.0000
2013-02-12,0.0000
2013-02-13,0.0000
2013-02-14,0.0000
2013-02-15,0.0000
2013-02-16,0.0000
2013-02-17,0.0000
2013-02-18,19.1144
2013-02-19,18.0409
2013-02-20,18.0028
2013-02-21,0.0000
2013-02-22,0.0000
2013-02-23,0.0000
2013-02-24,0.0000
2013-02-25,0.0000
2013-02-26,0.0000
2013-02-27,0.0000
2013-02-28,0.0000
2013-03-01,0.0000
2013-03-02,0.0000
2013-03-03,0.0000
2013-03-04,0.0000
2013-03-05,0.0000
2013-03-06,0.5074
2013-03-07,0.2616
2013-03-08,0.0000
2013-03-09,22.3467
2013-03-10,3.0128
2013-03-11,1.1673
2013-03-12,13.9732
2013-03-13,0.0000
2013-03-14,0.0000
2013-03-15,0.0000
2013-03-16,0.0000
2013-03-17,0.0000
2013-03-18,0.0000
2013-03-19,6.3001
2013-03-20,2.2193
2013-03-21,0.0000
2013-03-22,0.0000
2013-03-23,0.0000
2013-03-24,0.0000
2013-03-25,0.0000
2013-03-26,9.9372
2013-03-27,16.0996
2013-03-28,0.0000
2013-03-29,0.0000
2013-03-30,0.0000
2013-03-31,0.0000
2013-04-01,0.0000
2013-04-02,0.0000
2013-04-03,0.0000
2013-04-04,0.0000
2013-04-05,0.0000
2013-04-06,0.0000
2013-04-07,0.0000
2013-04-08,0.0000
2013-04-09,0.2259
2013-04-10,10.7577
2013-04-11,0.0000
2013-04-12,0.0000
2013-04-13,0.0000
2013-04-14,0.4757
2013-04-15,0.4995
2013-04-16,0.8080
2013-04-17,0.0000
2013-04-18,0.0000
2013-04-19,0.0000
2013-04-20,0.0000
2013-04-21,0.0000
2013-04-22,0.0000
2013-04-23,0.0000
2013-04-24,0.9790
2013-04-25,0.1269
2013-04-26,2.8172
2013-04-27,0.7907
2013-04-28,0.0000
2013-04-29,12.2821
2013-04-30,0.0000
2013-05-01,6.2159
2013-05-02,17.5878
2013-05-03,0.0000
2013-05-04,0.0000
2013-05-05,0.3806
2013-05-06,0.1506
2013-05-07,29.0813
2013-05-08,9.6564
2013-05-09,4.4854
2013-05-10,2.6376
2013-05-11,0.0000
2013-05-12,2.8542
2013-05-13,0.2656
2013-05-14,10.9836
2013-05-15,0.0000
2013-05-16,0.0000
2013-05-17,0.0000
2013-05-18,0.0000
2013-05-19,0.0000
2013-05-20,0.0000
2013-05-21,1.0485
2013-05-22,0.0000
2013-05-23,3.2031
2013-05-24,0.7302
2013-05-25,8.0367
2013-05-26,66.5468
2013-05-27,12.8429
2013-05-28,15.4767
2013-05-29,1.0916
2013-05-30,11.9161
2013-05-31,0.0000
2013-06-01,55.8815
2013-06-02,26.3545
2013-06-03,62.0546
2013-06-04,10.3193
2013-06-05,6.5524
2013-06-06,11.2154
2013-06-07,60.9496
2013-06-08,92.9670
2013-06-09,41.4177
2013-06-10,11.6888
2013-06-11,20.8932
2013-06-12,42.7210
2013-06-13,28.5075
2013-06-14,16.9268
2013-06-15,4.3643
2013-06-16,66.7993
2013-06-17,59.7089
2013-06-18,65.9610
2013-06-19,21.0790
2013-06-20,66.0852
2013-06-21,31.4746
2013-06-22,46.0744
2013-06-23,35.7344
2013-06-24,43.5941
2013-06-25,9.4512
2013-06-26,32.0246
2013-06-27,45.9456
2013-06-28,1.8257
2013-06-29,0.2537
2013-06-30,0.0000
2013-07-01,21.3519
2013-07-02,20.3874
2013-07-03,49.7926
2013-07-04,10.5380
2013-07-05,20.6291
2013-07-06,12.0190
2013-07-07,3.8995
2013-07-08,18.5975
2013-07-09,87.5991
2013-07-10,63.8797
2013-07-11,62.9549
2013-07-12,13.1922
2013-07-13,19.6765
2013-07-14,5.6391
2013-07-15,9.4911
2013-07-16,8.7655
2013-07-17,25.2301
2013-07-18,18.7330
2013-07-19,43.6874
2013-07-20,30.9883
2013-07-21,34.6296
2013-07-22,7.0646
2013-07-23,18.9398
2013-07-24,20.7410
2013-07-25,25.0681
2013-07-26,16.4728
2013-07-27,24.0752
2013-07-28,1.5719
2013-07-29,1.4570
2013-07-30,0.0000
2013-07-31,0.0000
2013-08-01,0.2934
2013-08-02,9.2521
2013-08-03,11.2819
2013-08-04,51.0303
2013-08-05,98.6804
2013-08-06,33.3258
2013-08-07,13.5904
2013-08-08,15.0383
2013-08-09,5.2521
2013-08-10,3.6342
2013-08-11,1.3182
2013-08-12,4.9189
2013-08-13,8.6791
2013-08-14,6.7997
2013-08-15,0.4440
2013-08-16,1.7042
2013-08-17,5.7194
2013-08-18,0.0000
2013-08-19,17.8602
2013-08-20,10.6876
2013-08-21,3.5030
2013-08-22,0.9196
2013-08-23,3.0701
2013-08-24,0.5668
2013-08-25,1.3201
2013-08-26,0.0000
2013-08-27,0.0000
2013-08-28,0.0000
2013-08-29,0.0000
2013-08-30,0.0000
2013-08-31,0.0000
2013-09-01,0.0000
2013-09-02,1.4320
2013-09-03,0.0000
2013-09-04,1.5421
2013-09-05,0.5471
2013-09-06,1.1118
2013-09-07,25.1710
2013-09-08,5.5187
2013-09-09,7.8425
2013-09-10,0.6232
2013-09-11,15.7133
2013-09-12,14.0860
2013-09-13,17.0794
2013-09-14,38.3267
2013-09-15,12.7741
2013-09-16,14.2055
2013-09-17,40.3938
2013-09-18,13.4260
2013-09-19,10.7175
2013-09-20,14.3447
2013-09-21,6.0769
2013-09-22,3.6988
2013-09-23,1.6601
2013-09-24,1.1258
2013-09-25,0.0000
2013-09-26,0.0000
2013-09-27,0.0000
2013-09-28,0.0000
2013-09-29,0.0000
2013-09-30,6.9989
2013-10-01,7.2517
2013-10-02,8.6826
2013-10-03,3.9383
2013-10-04,0.4420
2013-10-05,0.0000
2013-10-06,0.2696
2013-10-07,1.9593
2013-10-08,1.1665
2013-10-09,38.9193
2013-10-10,1.9004
2013-10-11,0.3428
2013-10-12,2.9048
2013-10-13,4.6686
2013-10-14,2.3781
2013-10-15,0.0000
2013-10-16,3.6369
2013-10-17,20.9427
2013-10-18,0.0000
2013-10-19,31.2214
2013-10-20,22.3048
2013-10-21,1.1755
2013-10-22,25.6233
2013-10-23,4.7005
2013-10-24,3.4782
2013-10-25,1.5931
2013-10-26,8.0174
2013-10-27,0.0000
2013-10-28,0.0000
2013-10-29,0.0000
2013-10-30,2.3905
2013-10-31,0.0000
2013-11-01,3.3397
2013-11-02,0.0000
2013-11-03,10.7517
2013-11-04,4.3149
2013-11-05,11.1791
2013-11-06,0.0000
2013-11-07,0.0000
2013-11-08,0.0000
2013-11-09,0.5648
2013-11-10,0.0000
2013-11-11,0.0000
2013-11-12,0.9276
2013-11-13,27.9380
2013-11-14,0.0000
2013-11-15,0.1586
2013-11-16,31.8464
2013-11-17,0.0000
2013-11-18,0.1465
2013-11-19,5.6967
2013-11-20,0.4142
2013-11-21,0.0000
2013-11-22,42.6092
2013-11-23,0.0000
2013-11-24,1.6697
2013-11-25,0.0000
2013-11-26,62.8334
2013-11-27,2.1254
2013-11-28,5.3279
2013-11-29,0.0000
2013-11-30,0.0000
2013-12-01,0.0000
2013-12-02,12.6963
2013-12-03,0.6086
2013-12-04,0.0000
2013-12-05,0.0000
2013-12-06,0.0000
2013-12-07,0.0000
2013-12-08,0.0000
2013-12-09,0.0000
2013-12-10,0.0000
2013-12-11,0.0000
2013-12-12,0.0000
2013-12-13,0.5242
2013-12-14,0.0000
2013-12-15,4.6995
2013-12-16,0.5513
2013-12-17,0.0000
2013-12-18,0.0000
2013-12-19,0.0000
2013-12-20,0.0000
2013-12-21,0.0000
2013-12-22,0.0000
2013-12-23,0.0000
2013-12-24,0.0000
2013-12-25,0.0000
2013-12-26,0.0000
2013-12-27,0.0000
2013-12-28,0.0000
2013-12-29,0.0000
2013-12-30,0.0000
2013-12-31,0.0000
2014-01-01,0.0000
2014-01-02,0.0000
2014-01-03,0.0000
2014-01-04,0.0000
2014-01-05,0.0000
2014-01-06,0.0000
2014-01-07,0.0000
2014-01-08,0.0000
2014-01-09,0.0000
2014-01-10,0.0000
2014-01-11,0.0000
2014-01-12,0.0000
2014-01-13,0.0000
2014-01-14,0.0000
2014-01-15,0.0000
2014-01-16,0.0000
2014-01-17,1.6538
2014-01-18,0.0000
2014-01-19,0.0000
2014-01-20,0.0000
2014-01-21,0.0000
2014-01-22,0.0000
2014-01-23,0.0000
2014-01-24,0.0000
2014-01-25,0.0000
2014-01-26,0.0000
2014-01-27,0.0000
2014-01-28,0.0000
2014-01-29,0.0000
2014-01-30,0.0000
2014-01-31,0.0000
2014-02-01,0.0000
2014-02-02,0.0000
2014-02-03,0.0000
2014-02-04,0.0000
2014-02-05,0.0000
2014-02-06,0.0000
2014-02-07,0.0000
2014-02-08,0.0000
2014-02-09,0.0000
2014-02-10,0.0000
2014-02-11,0.0000
2014-02-12,0.0000
2014-02-13,0.0000
2014-02-14,0.0000
2014-02-15,0.9660
2014-02-16,0.0000
2014-02-17,0.0000
2014-02-18,0.0000
2014-02-19,0.0000
2014-02-20,0.0000
2014-02-21,0.6154
2014-02-22,36.9488
2014-02-23,0.0000
2014-02-24,0.0000
2014-02-25,0.0000
2014-02-26,0.0000
2014-02-27,0.0000
2014-02-28,0.0000
2014-03-01,0.0000
2014-03-02,0.0000
2014-03-03,0.0000
2014-03-04,0.4369
2014-03-05,0.0000
2014-03-06,0.0000
2014-03-07,0.0000
2014-03-08,0.0000
2014-03-09,0.0000
2014-03-10,0.0000
2014-03-11,0.0000
2014-03-12,0.0000
2014-03-13,0.0000
2014-03-14,0.0000
2014-03-15,0.0000
2014-03-16,0.0000
2014-03-17,0.0000
2014-03-18,0.0000
2014-03-19,0.0000
2014-03-20,0.5770
2014-03-21,28.9176
2014-03-22,1.6651
2014-03-23,0.0000
2014-03-24,0.0000
2014-03-25,0.0000
2014-03-26,0.0000
2014-03-27,0.0000
2014-03-28,0.0000
2014-03-29,0.0000
2014-03-30,0.0000
2014-03-31,0.0000
2014-04-01,0.0000
2014-04-02,0.0000
2014-04-03,0.0000
2014-04-04,0.4369
2014-04-05,0.0000
2014-04-06,2.1447
2014-04-07,1.7933
2014-04-08,17.8445
2014-04-09,3.7686
2014-04-10,0.0000
2014-04-11,0.0000
2014-04-12,0.0000
2014-04-13,25.0636
2014-04-14,0.0000
2014-04-15,3.4614
2014-04-16,0.0000
2014-04-17,25.8770
2014-04-18,0.0000
2014-04-19,0.9660
2014-04-20,6.5644
2014-04-21,0.0000
2014-04-22,2.5871
2014-04-23,4.4748
2014-04-24,47.3881
2014-04-25,2.2362
2014-04-26,1.1575
2014-04-27,0.0000
2014-04-28,1.1106
2014-04-29,0.0000
2014-04-30,27.8167
2014-05-01,40.5358
2014-05-02,2.8395
2014-05-03,0.0000
2014-05-04,3.0980
2014-05-05,9.9420
2014-05-06,4.5021
2014-05-07,54.1436
2014-05-08,84.6370
2014-05-09,25.0454
2014-05-10,2.0618
2014-05-11,0.0000
2014-05-12,0.0000
2014-05-13,0.0000
2014-05-14,0.0000
2014-05-15,0.0000
2014-05-16,0.0000
2014-05-17,0.0000
2014-05-18,0.0000
2014-05-19,0.6938
2014-05-20,12.0694
2014-05-21,3.0527
2014-05-22,14.5046
2014-05-23,0.1388
2014-05-24,7.2174
2014-05-25,0.1320
2014-05-26,0.2775
2014-05-27,0.0000
2014-05-28,0.0000
2014-05-29,0.0000
2014-05-30,0.0000
2014-05-31,0.0000
2014-06-01,0.8761
2014-06-02,0.6898
2014-06-03,0.4123
2014-06-04,0.9532
2014-06-05,11.4651
2014-06-06,21.5374
2014-06-07,13.5045
2014-06-08,41.2773
2014-06-09,22.2011
2014-06-10,20.5059
2014-06-11,56.1415
2014-06-12,8.9863
2014-06-13,16.5699
2014-06-14,24.1185
2014-06-15,4.5033
2014-06-16,2.9083
2014-06-17,3.0688
2014-06-18,17.3005
2014-06-19,5.1427
2014-06-20,18.5344
2014-06-21,2.7550
2014-06-22,8.9621
2014-06-23,2.2517
2014-06-24,1.7040
2014-06-25,2.4052
2014-06-26,1.7306
2014-06-27,0.1586
2014-06-28,16.1227
2014-06-29,8.2602
2014-06-30,3.6616
2014-07-01,21.4528
2014-07-02,9.8254
2014-07-03,0.0000
2014-07-04,1.5011
2014-07-05,11.9704
2014-07-06,19.5253
2014-07-07,2.1268
2014-07-08,1.1289
2014-07-09,6.6276
2014-07-10,7.2959
2014-07-11,18.7869
2014-07-12,0.9639
2014-07-13,15.4607
2014-07-14,38.2723
2014-07-15,50.3941
2014-07-16,23.8077
2014-07-17,0.0000
2014-07-18,6.1158
2014-07-19,26.1699
2014-07-20,8.4401
2014-07-21,13.7399
2014-07-22,8.2212
2014-07-23,26.1594
2014-07-24,11.1915
2014-07-25,10.1840
2014-07-26,19.2180
2014-07-27,12.7649
2014-07-28,13.8717
2014-07-29,12.5219
2014-07-30,2.3783
2014-07-31,4.5765
2014-08-01,65.5349
2014-08-02,100.5945
2014-08-03,39.1442
2014-08-04,33.7039
2014-08-05,21.9774
2014-08-06,20.5038
2014-08-07,5.1516
2014-08-08,12.2198
2014-08-09,16.4892
2014-08-10,7.2263
2014-08-11,17.6431
2014-08-12,27.0995
2014-08-13,4.1021
2014-08-14,3.7446
2014-08-15,0.0000
2014-08-16,9.2881
2014-08-17,1.0615
2014-08-18,0.0000
2014-08-19,4.3240
2014-08-20,70.2429
2014-08-21,14.5762
2014-08-22,19.2507
2014-08-23,73.8510
2014-08-24,12.2488
2014-08-25,0.6891
2014-08-26,0.1387
2014-08-27,0.3261
2014-08-28,0.3765
2014-08-29,10.1824
2014-08-30,24.9480
2014-08-31,30.5470
2014-09-01,33.3468
2014-09-02,37.5910
2014-09-03,62.6589
2014-09-04,4.5344
2014-09-05,8.4814
2014-09-06,30.5606
2014-09-07,6.7725
2014-09-08,5.7803
2014-09-09,1.9573
2014-09-10,0.4202
2014-09-11,0.1387
2014-09-12,0.0000
2014-09-13,1.9755
2014-09-14,12.7752
2014-09-15,7.3016
2014-09-16,1.4468
2014-09-17,0.0000
2014-09-18,6.9880
2014-09-19,0.7611
2014-09-20,0.2636
2014-09-21,0.0000
2014-09-22,0.0000
2014-09-23,0.0000
2014-09-24,0.0000
2014-09-25,0.0000
2014-09-26,1.2748
2014-09-27,8.5010
2014-09-28,17.1036
2014-09-29,8.6918
2014-09-30,7.3319
2014-10-01,9.0912
2014-10-02,7.6773
2014-10-03,2.4466
2014-10-04,3.4932
2014-10-05,0.0000
2014-10-06,8.1479
2014-10-07,7.9918
2014-10-08,54.7738
2014-10-09,0.2577
2014-10-10,43.0209
2014-10-11,4.4596
2014-10-12,0.6891
2014-10-13,6.4626
2014-10-14,0.0000
2014-10-15,8.1946
2014-10-16,1.0104
2014-10-17,1.6370
2014-10-18,24.8020
2014-10-19,31.5987
2014-10-20,16.3854
2014-10-21,4.2188
2014-10-22,5.1458
2014-10-23,15.8450
2014-10-24,10.7129
2014-10-25,0.6026
2014-10-26,10.4452
2014-10-27,0.8850
2014-10-28,8.8219
2014-10-29,2.5806
2014-10-30,1.6935
2014-10-31,0.0000
2014-11-01,0.8057
2014-11-02,0.0000
2014-11-03,0.1130
2014-11-04,23.5891
2014-11-05,4.2618
2014-11-06,0.7611
2014-11-07,0.0000
2014-11-08,0.0000
2014-11-09,0.0000
2014-11-10,0.0000
2014-11-11,2.6438
2014-11-12,0.7053
2014-11-13,26.9956
2014-11-14,16.9518
2014-11-15,17.8212
2014-11-16,1.0880
2014-11-17,0.7254
2014-11-18,2.7908
2014-11-19,0.0000
2014-11-20,0.0000
2014-11-21,5.6650
2014-11-22,0.0000
2014-11-23,0.0000
2014-11-24,2.7908
2014-11-25,0.0000
2014-11-26,0.0000
2014-11-27,0.0000
2014-11-28,0.2022
2014-11-29,3.3107
2014-11-30,0.0000
2014-12-01,0.0000
2014-12-02,1.4864
2014-12-03,0.0000
2014-12-04,0.0000
2014-12-05,0.0000
2014-12-06,0.0000
2014-12-07,0.0000
2014-12-08,0.0000
2014-12-09,4.6236
2014-12-10,19.0371
2014-12-11,8.3524
2014-12-12,0.0000
2014-12-13,13.5981
2014-12-14,0.0000
2014-12-15,0.6105
2014-12-16,0.0000
2014-12-17,0.5074
2014-12-18,0.0000
2014-12-19,0.0000
2014-12-20,0.0000
2014-12-21,0.0000
2014-12-22,0.0000
2014-12-23,0.3012
2014-12-24,0.1506
2014-12-25,0.1378
2014-12-26,0.0000
2014-12-27,0.0000
2014-12-28,0.0000
2014-12-29,0.0000
2014-12-30,0.0000
2014-12-31,2.2259
2015-01-01,2.7076
2015-01-02,0.0000
2015-01-03,0.0000
2015-01-04,0.0000
2015-01-05,0.0000
2015-01-06,0.0000
2015-01-07,0.0000
2015-01-08,0.0000
2015-01-09,0.0000
2015-01-10,0.0000
2015-01-11,0.0000
2015-01-12,0.0000
2015-01-13,0.0000
2015-01-14,0.0000
2015-01-15,0.0000
2015-01-16,0.0000
2015-01-17,0.0000
2015-01-18,0.0000
2015-01-19,0.0000
2015-01-20,0.0000
2015-01-21,0.0000
2015-01-22,4.9473
2015-01-23,0.0000
2015-01-24,0.0000
2015-01-25,0.0000
2015-01-26,0.0000
2015-01-27,0.0000
2015-01-28,0.0000
2015-01-29,0.0000
2015-01-30,0.0000
2015-01-31,0.6401
2015-02-01,0.0000
2015-02-02,0.0000
2015-02-03,0.0000
2015-02-04,0.0000
2015-02-05,0.0000
2015-02-06,0.0000
2015-02-07,5.7839
2015-02-08,0.0000
2015-02-09,0.0000
2015-02-10,0.0000
2015-02-11,0.0000
2015-02-12,0.0000
2015-02-13,0.0000
2015-02-14,0.0000
2015-02-15,0.0000
2015-02-16,0.0000
2015-02-17,0.0000
2015-02-18,0.0000
2015-02-19,0.0000
2015-02-20,0.0000
2015-02-21,0.0000
2015-02-22,0.0000
2015-02-23,0.0000
2015-02-24,0.0000
2015-02-25,0.0000
2015-02-26,0.0000
2015-02-27,0.0000
2015-02-28,0.3806
2015-03-01,2.3982
2015-03-02,0.0000
2015-03-03,4.4399
2015-03-04,0.9325
2015-03-05,1.9957
2015-03-06,0.0000
2015-03-07,17.2352
2015-03-08,2.5605
2015-03-09,0.0000
2015-03-10,0.6711
2015-03-11,0.0000
2015-03-12,0.0000
2015-03-13,0.0000
2015-03-14,1.8191
2015-03-15,0.1048
2015-03-16,4.2926
2015-03-17,29.5890
2015-03-18,0.0000
2015-03-19,0.0000
2015-03-20,0.0000
2015-03-21,0.0000
2015-03-22,0.0000
2015-03-23,0.0000
2015-03-24,0.0000
2015-03-25,0.0000
2015-03-26,0.0000
2015-03-27,0.0000
2015-03-28,0.6937
2015-03-29,0.0000
2015-03-30,0.0000
2015-03-31,2.2339
2015-04-01,15.3535
2015-04-02,0.5549
2015-04-03,0.0000
2015-04-04,0.6105
2015-04-05,0.0000
2015-04-06,0.0000
2015-04-07,17.8065
2015-04-08,0.8404
2015-04-09,0.0000
2015-04-10,9.9066
2015-04-11,4.1106
2015-04-12,2.6200
2015-04-13,0.5926
2015-04-14,0.0000
2015-04-15,26.7663
2015-04-16,0.0000
2015-04-17,0.0000
2015-04-18,6.0960
2015-04-19,0.0000
2015-04-20,1.8828
2015-04-21,0.8660
2015-04-22,83.5097
2015-04-23,0.5074
2015-04-24,0.0000
2015-04-25,9.5038
2015-04-26,0.0000
2015-04-27,0.5669
2015-04-28,2.2792
2015-04-29,1.7321
2015-04-30,0.1387
2015-05-01,0.0000
2015-05-02,0.0000
2015-05-03,0.0000
2015-05-04,0.0000
2015-05-05,6.4688
2015-05-06,0.0000
2015-05-07,0.0000
2015-05-08,6.2505
2015-05-09,11.7952
2015-05-10,19.3676
2015-05-11,1.3259
2015-05-12,3.8552
2015-05-13,42.9460
2015-05-14,1.7042
2015-05-15,0.0000
2015-05-16,17.2451
2015-05-17,5.3239
2015-05-18,11.2379
2015-05-19,5.1627
2015-05-20,37.1244
2015-05-21,4.1228
2015-05-22,0.0000
2015-05-23,0.1269
2015-05-24,0.0000
2015-05-25,0.3171
2015-05-26,6.8264
2015-05-27,1.2403
2015-05-28,11.9351
2015-05-29,0.0000
2015-05-30,4.6380
2015-05-31,0.1269
2015-06-01,8.0689
2015-06-02,0.0000
2015-06-03,0.0000
2015-06-04,6.9318
2015-06-05,1.8294
2015-06-06,25.7359
2015-06-07,0.0000
2015-06-08,46.4560
2015-06-09,42.6581
2015-06-10,2.3252
2015-06-11,12.3468
2015-06-12,17.3782
2015-06-13,0.8156
2015-06-14,15.0187
2015-06-15,10.4536
2015-06-16,24.1171
2015-06-17,17.2836
2015-06-18,25.8467
2015-06-19,15.9881
2015-06-20,9.5828
2015-06-21,1.5003
2015-06-22,5.6137
2015-06-23,8.5108
2015-06-24,1.8191
2015-06-25,10.1600
2015-06-26,16.1942
2015-06-27,77.0050
2015-06-28,35.2309
2015-06-29,22.5269
2015-06-30,15.6171
2015-07-01,0.1378
2015-07-02,8.7879
2015-07-03,5.6191
2015-07-04,7.7854
2015-07-05,12.7530
2015-07-06,11.4961
2015-07-07,0.6343
2015-07-08,1.0346
2015-07-09,13.1223
2015-07-10,10.0864
2015-07-11,25.9432
2015-07-12,11.4735
2015-07-13,1.3720
2015-07-14,14.5830
2015-07-15,20.7045
2015-07-16,11.5479
2015-07-17,12.0633
2015-07-18,44.5409
2015-07-19,12.7353
2015-07-20,8.7420
2015-07-21,13.9540
2015-07-22,1.6303
2015-07-23,22.5331
2015-07-24,6.4735
2015-07-25,0.3677
2015-07-26,4.3705
2015-07-27,6.0026
2015-07-28,0.0000
2015-07-29,0.0000
2015-07-30,0.0000
2015-07-31,0.0000
2015-08-01,2.9177
2015-08-02,0.0000
2015-08-03,13.3369
2015-08-04,6.4202
2015-08-05,13.9198
2015-08-06,2.5175
2015-08-07,1.2049
2015-08-08,2.3686
2015-08-09,39.0897
2015-08-10,13.6388
2015-08-11,32.3622
2015-08-12,8.1239
2015-08-13,17.2375
2015-08-14,26.1186
2015-08-15,1.3259
2015-08-16,3.7971
2015-08-17,1.9119
2015-08-18,0.2121
2015-08-19,29.9371
2015-08-20,0.8880
2015-08-21,3.2149
2015-08-22,23.0673
2015-08-23,8.8314
2015-08-24,0.3261
2015-08-25,1.9008
2015-08-26,0.0000
2015-08-27,0.8660
2015-08-28,0.6590
2015-08-29,0.8246
2015-08-30,0.0000
2015-08-31,0.2259
2015-09-01,0.0000
2015-09-02,0.0000
2015-09-03,0.0000
2015-09-04,0.0000
2015-09-05,4.9181
2015-09-06,5.7717
2015-09-07,7.4783
2015-09-08,12.3807
2015-09-09,7.6920
2015-09-10,23.8247
2015-09-11,18.2204
2015-09-12,2.3561
2015-09-13,6.4500
2015-09-14,0.0000
2015-09-15,1.0092
2015-09-16,7.0352
2015-09-17,35.2881
2015-09-18,6.7837
2015-09-19,10.4008
2015-09-20,34.3628
2015-09-21,4.8473
2015-09-22,2.6577
2015-09-23,0.0000
2015-09-24,0.0000
2015-09-25,4.6341
2015-09-26,16.7437
2015-09-27,5.5201
2015-09-28,16.8418
2015-09-29,6.8226
2015-09-30,34.0914
2015-10-01,5.4843
2015-10-02,6.8878
2015-10-03,1.8324
2015-10-04,45.0448
2015-10-05,35.4443
2015-10-06,16.2198
2015-10-07,1.1606
2015-10-08,2.2247
2015-10-09,30.0253
2015-10-10,15.1668
2015-10-11,14.1355
2015-10-12,1.5209
2015-10-13,20.2035
2015-10-14,5.7180
2015-10-15,0.6263
2015-10-16,0.0000
2015-10-17,12.8420
2015-10-18,0.1130
2015-10-19,2.3824
2015-10-20,6.9384
2015-10-21,6.1753
2015-10-22,13.9409
2015-10-23,18.2550
2015-10-24,0.4333
2015-10-25,46.2192
2015-10-26,3.8133
2015-10-27,15.7957
2015-10-28,0.0000
2015-10-29,2.9410
2015-10-30,3.1253
2015-10-31,26.1090
2015-11-01,19.6073
2015-11-02,6.8332
2015-11-03,5.5335
2015-11-04,0.0000
2015-11-05,38.5777
2015-11-06,0.7611
2015-11-07,4.1928
2015-11-08,10.7267
2015-11-09,0.9623
2015-11-10,1.7037
2015-11-11,0.1903
2015-11-12,0.0000
2015-11-13,5.0411
2015-11-14,0.8602
2015-11-15,0.0000
2015-11-16,1.0521
2015-11-17,3.3895
2015-11-18,37.6753
2015-11-19,0.2892
2015-11-20,0.0000
2015-11-21,7.3631
2015-11-22,0.0000
2015-11-23,11.1156
2015-11-24,4.8742
2015-11-25,0.2141
2015-11-26,5.0991
2015-11-27,0.0000
2015-11-28,6.4707
2015-11-29,0.0000
2015-11-30,2.4546
2015-12-01,0.1595
2015-12-02,2.2167
2015-12-03,2.0076
2015-12-04,0.1694
2015-12-05,2.9235
2015-12-06,0.3627
2015-12-07,1.7090
2015-12-08,19.6601
2015-12-09,0.1378
2015-12-10,0.0000
2015-12-11,0.0000
2015-12-12,0.8482
2015-12-13,14.0696
2015-12-14,9.9666
2015-12-15,3.1204
2015-12-16,21.7932
2015-12-17,0.0000
2015-12-18,0.0000
2015-12-19,2.7908
2015-12-20,8.6650
2015-12-21,0.0000
2015-12-22,0.0000
2015-12-23,0.0000
2015-12-24,0.0000
2015-12-25,0.0000
2015-12-26,0.0000
2015-12-27,0.0000
2015-12-28,0.0000
2015-12-29,0.0000
2015-12-30,0.0000
2015-12-31,0.0000
2016-01-01,0.0000
2016-01-02,0.0000
2016-01-03,0.0000
2016-01-04,0.0000
2016-01-05,0.0000
2016-01-06,0.0000
2016-01-07,0.0000
2016-01-08,0.0000
2016-01-09,0.0000
2016-01-10,0.0000
2016-01-11,0.0000
2016-01-12,0.0000
2016-01-13,0.0000
2016-01-14,0.0000
2016-01-15,0.0000
2016-01-16,0.0000
2016-01-17,0.0000
2016-01-18,0.7759
2016-01-19,0.0000
2016-01-20,0.0000
2016-01-21,0.0000
2016-01-22,0.0000
2016-01-23,0.0000
2016-01-24,0.0000
2016-01-25,0.0000
2016-01-26,0.0000
2016-01-27,0.2058
2016-01-28,0.0000
2016-01-29,0.0000
2016-01-30,0.0000
2016-01-31,0.0000
2016-02-01,0.0000
2016-02-02,0.0000
2016-02-03,0.0000
2016-02-04,0.0000
2016-02-05,0.0000
2016-02-06,0.0000
2016-02-07,0.0000
2016-02-08,0.0000
2016-02-09,0.0000
2016-02-10,8.4696
2016-02-11,50.2029
2016-02-12,0.0000
2016-02-13,0.0000
2016-02-14,0.0000
2016-02-15,0.0000
2016-02-16,0.0000
2016-02-17,0.0000
2016-02-18,0.0000
2016-02-19,0.0000
2016-02-20,0.0000
2016-02-21,7.2111
2016-02-22,0.0000
2016-02-23,0.0000
2016-02-24,0.0000
2016-02-25,0.0000
2016-02-26,9.1928
2016-02-27,0.0000
2016-02-28,0.0000
2016-02-29,0.2736
2016-03-01,0.0000
2016-03-02,0.0000
2016-03-03,0.0000
2016-03-04,0.0000
2016-03-05,0.0000
2016-03-06,0.0000
2016-03-07,0.0000
2016-03-08,0.0000
2016-03-09,0.0000
2016-03-10,0.0000
2016-03-11,0.3159
2016-03-12,1.7739
2016-03-13,6.3884
2016-03-14,0.0000
2016-03-15,42.7913
2016-03-16,0.0000
2016-03-17,0.0000
2016-03-18,0.0000
2016-03-19,0.0000
2016-03-20,0.0000
2016-03-21,0.0000
2016-03-22,0.0000
2016-03-23,36.8989
2016-03-24,0.0000
2016-03-25,4.2500
2016-03-26,0.8232
2016-03-27,0.0000
2016-03-28,0.0000
2016-03-29,3.4054
2016-03-30,10.3260
2016-03-31,0.0000
2016-04-01,0.8432
2016-04-02,0.0000
2016-04-03,0.0000
2016-04-04,0.0000
2016-04-05,0.0000
2016-04-06,2.2125
2016-04-07,0.0000
2016-04-08,0.0000
2016-04-09,2.9731
2016-04-10,3.7046
2016-04-11,0.0000
2016-04-12,0.0000
2016-04-13,0.0000
2016-04-14,0.0000
2016-04-15,1.8497
2016-04-16,1.5511
2016-04-17,0.0000
2016-04-18,0.0000
2016-04-19,0.0000
2016-04-20,0.0000
2016-04-21,2.4221
2016-04-22,0.2228
2016-04-23,0.0000
2016-04-24,0.0000
2016-04-25,0.0000
2016-04-26,0.0000
2016-04-27,0.0000
2016-04-28,0.0000
2016-04-29,1.1362
2016-04-30,0.0000
2016-05-01,14.3172
2016-05-02,2.5726
2016-05-03,0.0000
2016-05-04,0.0000
2016-05-05,0.0000
2016-05-06,21.3416
2016-05-07,0.0000
2016-05-08,0.0000
2016-05-09,0.0000
2016-05-10,0.0000
2016-05-11,17.4301
2016-05-12,0.1813
2016-05-13,0.0000
2016-05-14,1.4302
2016-05-15,8.2609
2016-05-16,20.0750
2016-05-17,10.7529
2016-05-18,46.3656
2016-05-19,1.8079
2016-05-20,31.1076
2016-05-21,0.2543
2016-05-22,0.0000
2016-05-23,6.7906
2016-05-24,16.7534
2016-05-25,14.3696
2016-05-26,33.9050
2016-05-27,6.1649
2016-05-28,22.0470
2016-05-29,31.7339
2016-05-30,0.8031
2016-05-31,14.8901
2016-06-01,24.2874
2016-06-02,6.7385
2016-06-03,10.4303
2016-06-04,22.2870
2016-06-05,3.9783
2016-06-06,49.2942
2016-06-07,33.2323
2016-06-08,90.3249
2016-06-09,49.1054
2016-06-10,22.6366
2016-06-11,22.4847
2016-06-12,32.1365
2016-06-13,15.9932
2016-06-14,1.3278
2016-06-15,4.0076
2016-06-16,10.4177
2016-06-17,7.6657
2016-06-18,35.6125
2016-06-19,6.0117
2016-06-20,19.5117
2016-06-21,13.0656
2016-06-22,8.7262
2016-06-23,16.2886
2016-06-24,18.4534
2016-06-25,1.1437
2016-06-26,4.1640
2016-06-27,4.1804
2016-06-28,24.3557
2016-06-29,8.7154
2016-06-30,10.0869
2016-07-01,0.9725
2016-07-02,0.2573
2016-07-03,6.9422
2016-07-04,18.8059
2016-07-05,8.0024
2016-07-06,25.9271
2016-07-07,16.7069
2016-07-08,17.6502
2016-07-09,26.3789
2016-07-10,12.4639
2016-07-11,21.4299
2016-07-12,82.5907
2016-07-13,17.6741
2016-07-14,8.7348
2016-07-15,20.5044
2016-07-16,1.5349
2016-07-17,1.2456
2016-07-18,0.5711
2016-07-19,1.1409
2016-07-20,0.5773
2016-07-21,21.7934
2016-07-22,0.5938
2016-07-23,12.1385
2016-07-24,33.5709
2016-07-25,1.5862
2016-07-26,0.2886
2016-07-27,12.9039
2016-07-28,26.8925
2016-07-29,8.2360
2016-07-30,1.0416
2016-07-31,15.3680
2016-08-01,9.7238
2016-08-02,0.0000
2016-08-03,0.0000
2016-08-04,10.9336
2016-08-05,26.0284
2016-08-06,4.8868
2016-08-07,8.1151
2016-08-08,3.0928
2016-08-09,19.0815
2016-08-10,7.9359
2016-08-11,0.3143
2016-08-12,4.1409
2016-08-13,3.4071
2016-08-14,0.5217
2016-08-15,2.8192
2016-08-16,5.2834
2016-08-17,1.6188
2016-08-18,4.6320
2016-08-19,4.0963
2016-08-20,12.3936
2016-08-21,0.0000
2016-08-22,0.1142
2016-08-23,0.1303
2016-08-24,1.4903
2016-08-25,17.6054
2016-08-26,2.4777
2016-08-27,3.1526
2016-08-28,0.1365
2016-08-29,0.0000
2016-08-30,30.4364
2016-08-31,1.7567
2016-09-01,0.6133
2016-09-02,2.3768
2016-09-03,0.5687
2016-09-04,0.2058
2016-09-05,0.0000
2016-09-06,0.0000
2016-09-07,0.0000
2016-09-08,0.0000
2016-09-09,0.0000
2016-09-10,5.0951
2016-09-11,0.3176
2016-09-12,0.3576
2016-09-13,1.4165
2016-09-14,0.1249
2016-09-15,2.9519
2016-09-16,0.0000
2016-09-17,0.2225
2016-09-18,0.0000
2016-09-19,0.5764
2016-09-20,0.0000
2016-09-21,1.2011
2016-09-22,0.8630
2016-09-23,0.0000
2016-09-24,0.7335
2016-09-25,1.6597
2016-09-26,1.1780
2016-09-27,7.2498
2016-09-28,0.0000
2016-09-29,17.2335
2016-09-30,46.6507
2016-10-01,0.2314
2016-10-02,0.0000
2016-10-03,0.0000
2016-10-04,0.0000
2016-10-05,0.0000
2016-10-06,0.0000
2016-10-07,0.0000
2016-10-08,0.0000
2016-10-09,0.0000
2016-10-10,0.0000
2016-10-11,0.0000
2016-10-12,0.0000
2016-10-13,0.0000
2016-10-14,8.7585
2016-10-15,0.1387
2016-10-16,8.9337
2016-10-17,0.1466
2016-10-18,0.0000
2016-10-19,0.0000
2016-10-20,0.9916
2016-10-21,3.2711
2016-10-22,78.6628
2016-10-23,0.0000
2016-10-24,0.0000
2016-10-25,0.0000
2016-10-26,12.7787
2016-10-27,25.5489
2016-10-28,0.5045
2016-10-29,0.0000
2016-10-30,0.0000
2016-10-31,35.2456
2016-11-01,6.4830
2016-11-02,2.1346
2016-11-03,13.4473
2016-11-04,2.5714
2016-11-05,3.1172
2016-11-06,0.0000
2016-11-07,0.0000
2016-11-08,0.0000
2016-11-09,2.8112
2016-11-10,0.3784
2016-11-11,0.0000
2016-11-12,13.1502
2016-11-13,2.4731
2016-11-14,1.7618
2016-11-15,0.6066
2016-11-16,0.0000
2016-11-17,0.0000
2016-11-18,0.0000
2016-11-19,0.0000
2016-11-20,0.0000
2016-11-21,0.0000
2016-11-22,0.0000
2016-11-23,0.8192
2016-11-24,0.0000
2016-11-25,0.0000
2016-11-26,0.0000
2016-11-27,0.0000
2016-11-28,0.0000
2016-11-29,0.0000
2016-11-30,0.0000
2016-12-01,0.0000
2016-12-02,0.1249
2016-12-03,0.0000
2016-12-04,0.5143
2016-12-05,0.0000
2016-12-06,0.0000
2016-12-07,23.2997
2016-12-08,0.2522
2016-12-09,0.0000
2016-12-10,0.0000
2016-12-11,0.0000
2016-12-12,0.0000
2016-12-13,0.0000
2016-12-14,1.9322
2016-12-15,0.0000
2016-12-16,0.0000
2016-12-17,0.0000
2016-12-18,0.7203
2016-12-19,0.0000
2016-12-20,0.0000
2016-12-21,0.0000
2016-12-22,0.0000
2016-12-23,0.0000
2016-12-24,0.0000
2016-12-25,0.0000
2016-12-26,0.0000
2016-12-27,0.0000
2016-12-28,0.0000
2016-12-29,0.0000
2016-12-30,0.0000
2016-12-31,0.0000
2017-01-01,0.0000
2017-01-02,0.0000
2017-01-03,0.0000
2017-01-04,0.0000
2017-01-05,0.0000
2017-01-06,0.0000
2017-01-07,0.0000
2017-01-08,0.0000
2017-01-09,0.0000
2017-01-10,0.0000
2017-01-11,0.0000
2017-01-12,0.0000
2017-01-13,0.0000
2017-01-14,0.0000
2017-01-15,0.0000
2017-01-16,0.0000
2017-01-17,0.0000
2017-01-18,0.0000
2017-01-19,0.0000
2017-01-20,0.0000
2017-01-21,0.0000
2017-01-22,0.0000
2017-01-23,0.0000
2017-01-24,0.0000
2017-01-25,0.0000
2017-01-26,0.0000
2017-01-27,0.0000
2017-01-28,8.3583
2017-01-29,15.6190
2017-01-30,0.0000
2017-01-31,0.0000
2017-02-01,0.0000
2017-02-02,0.0000
2017-02-03,0.0000
2017-02-04,0.0000
2017-02-05,0.0000
2017-02-06,0.0000
2017-02-07,1.5436
2017-02-08,0.0000
2017-02-09,0.0000
2017-02-10,0.0000
2017-02-11,0.0000
2017-02-12,0.0000
2017-02-13,0.0000
2017-02-14,0.0000
2017-02-15,0.0000
2017-02-16,0.0000
2017-02-17,0.0000
2017-02-18,0.0000
2017-02-19,0.0000
2017-02-20,0.0000
2017-02-21,0.0000
2017-02-22,0.0000
2017-02-23,0.0000
2017-02-24,0.0000
2017-02-25,0.0000
2017-02-26,0.0000
2017-02-27,0.0000
2017-02-28,0.0000
2017-03-01,0.0000
2017-03-02,0.0000
2017-03-03,0.0000
2017-03-04,0.0000
2017-03-05,3.0188
2017-03-06,8.4897
2017-03-07,0.0000
2017-03-08,1.0014
2017-03-09,0.9479
2017-03-10,5.1191
2017-03-11,0.5906
2017-03-12,0.0000
2017-03-13,0.0000
2017-03-14,0.0000
2017-03-15,5.6937
2017-03-16,15.8096
2017-03-17,5.0091
2017-03-18,0.0000
2017-03-19,0.0000
2017-03-20,0.0000
2017-03-21,0.0000
2017-03-22,0.0000
2017-03-23,0.0000
2017-03-24,0.0000
2017-03-25,0.0000
2017-03-26,0.0000
2017-03-27,0.0000
2017-03-28,0.0000
2017-03-29,0.0000
2017-03-30,0.0000
2017-03-31,0.0000
2017-04-01,0.0000
2017-04-02,0.0000
2017-04-03,0.4997
2017-04-04,0.0000
2017-04-05,0.0000
2017-04-06,0.0000
2017-04-07,1.0237
2017-04-08,0.0000
2017-04-09,0.1286
2017-04-10,1.0546
2017-04-11,0.0000
2017-04-12,0.0000
2017-04-13,0.0000
2017-04-14,2.0324
2017-04-15,0.0000
2017-04-16,0.0000
2017-04-17,0.5917
2017-04-18,0.0000
2017-04-19,0.0000
2017-04-20,0.0000
2017-04-21,0.1244
2017-04-22,0.0000
2017-04-23,0.6689
2017-04-24,0.1785
2017-04-25,0.0000
2017-04-26,0.0000
2017-04-27,5.2538
2017-04-28,0.0000
2017-04-29,0.0000
2017-04-30,0.0000
2017-05-01,9.2730
2017-05-02,0.0000
2017-05-03,0.5854
2017-05-04,5.2379
2017-05-05,4.7695
2017-05-06,4.7615
2017-05-07,4.6911
2017-05-08,1.4586
2017-05-09,2.7224
2017-05-10,0.0000
2017-05-11,36.7356
2017-05-12,0.1544
2017-05-13,3.3862
2017-05-14,0.0000
2017-05-15,13.8661
2017-05-16,0.0000
2017-05-17,0.5696
2017-05-18,0.0000
2017-05-19,14.1683
2017-05-20,0.0000
2017-05-21,36.8296
2017-05-22,3.7850
2017-05-23,9.9099
2017-05-24,0.0000
2017-05-25,0.7269
2017-05-26,9.2335
2017-05-27,1.0987
2017-05-28,7.6802
2017-05-29,13.8549
2017-05-30,33.1280
2017-05-31,18.2279
2017-06-01,22.0821
2017-06-02,25.2761
2017-06-03,41.8553
2017-06-04,10.8624
2017-06-05,19.3963
2017-06-06,37.7367
2017-06-07,7.5166
2017-06-08,3.6570
2017-06-09,0.2998
2017-06-10,7.1996
2017-06-11,31.1514
2017-06-12,7.8163
2017-06-13,10.9111
2017-06-14,15.9892
2017-06-15,2.5362
2017-06-16,5.7194
2017-06-17,0.0000
2017-06-18,2.4163
2017-06-19,1.6180
2017-06-20,0.0000
2017-06-21,0.7502
2017-06-22,3.4610
2017-06-23,9.0829
2017-06-24,30.4188
2017-06-25,27.4578
2017-06-26,59.5423
2017-06-27,83.1501
2017-06-28,43.0050
2017-06-29,4.4734
2017-06-30,12.5880
2017-07-01,0.4172
2017-07-02,7.9323
2017-07-03,26.9537
2017-07-04,23.4930
2017-07-05,0.4229
2017-07-06,23.1819
2017-07-07,9.4884
2017-07-08,8.8885
2017-07-09,15.1583
2017-07-10,6.9148
2017-07-11,33.2073
2017-07-12,7.2622
2017-07-13,0.0000
2017-07-14,11.4451
2017-07-15,2.4463
2017-07-16,1.0324
2017-07-17,3.9085
2017-07-18,0.0000
2017-07-19,1.2507
2017-07-20,27.2177
2017-07-21,8.3554
2017-07-22,8.9011
2017-07-23,5.0679
2017-07-24,0.0000
2017-07-25,0.3712
2017-07-26,0.0000
2017-07-27,2.7923
2017-07-28,26.2138
2017-07-29,26.0515
2017-07-30,0.2699
2017-07-31,0.0000
2017-08-01,12.1372
2017-08-02,0.3747
2017-08-03,0.6229
2017-08-04,36.5576
2017-08-05,43.8844
2017-08-06,66.4431
2017-08-07,6.3890
2017-08-08,1.0993
2017-08-09,3.2895
2017-08-10,0.0000
2017-08-11,7.4995
2017-08-12,5.9501
2017-08-13,0.0000
2017-08-14,0.0000
2017-08-15,0.0000
2017-08-16,3.5261
2017-08-17,0.4631
2017-08-18,10.2795
2017-08-19,1.0438
2017-08-20,4.2371
2017-08-21,29.7297
2017-08-22,27.2352
2017-08-23,12.5702
2017-08-24,0.0000
2017-08-25,0.2019
2017-08-26,1.5058
2017-08-27,7.6479
2017-08-28,24.6572
2017-08-29,39.1477
2017-08-30,5.9621
2017-08-31,0.0000
2017-09-01,0.0000
2017-09-02,2.5837
2017-09-03,8.7093
2017-09-04,6.0580
2017-09-05,6.4726
2017-09-06,50.7494
2017-09-07,2.7143
2017-09-08,11.3438
2017-09-09,14.0972
2017-09-10,3.8270
2017-09-11,3.2527
2017-09-12,0.8947
2017-09-13,0.0000
2017-09-14,14.3187
2017-09-15,19.5312
2017-09-16,10.0333
2017-09-17,60.2969
2017-09-18,56.0000
2017-09-19,0.0000
2017-09-20,4.5046
2017-09-21,2.3424
2017-09-22,6.2832
2017-09-23,0.0000
2017-09-24,0.0000
2017-09-25,0.0000
2017-09-26,5.5579
2017-09-27,0.8407
2017-09-28,18.6912
2017-09-29,28.8094
2017-09-30,7.6276
2017-10-01,6.2383
2017-10-02,8.8850
2017-10-03,0.2315
2017-10-04,0.4761
2017-10-05,0.0000
2017-10-06,29.7899
2017-10-07,6.1045
2017-10-08,4.4210
2017-10-09,0.0000
2017-10-10,0.0000
2017-10-11,0.0000
2017-10-12,27.9230
2017-10-13,18.4166
2017-10-14,19.5032
2017-10-15,5.7164
2017-10-16,5.2620
2017-10-17,3.5202
2017-10-18,10.7694
2017-10-19,0.8107
2017-10-20,0.9995
2017-10-21,0.7088
2017-10-22,13.9390
2017-10-23,0.0000
2017-10-24,0.0000
2017-10-25,0.0000
2017-10-26,0.0000
2017-10-27,9.9938
2017-10-28,2.1428
2017-10-29,0.2688
2017-10-30,0.1222
2017-10-31,17.3627
2017-11-01,7.1037
2017-11-02,0.3176
2017-11-03,0.8275
2017-11-04,1.7856
2017-11-05,20.2022
2017-11-06,15.6238
2017-11-07,4.8506
2017-11-08,8.4507
2017-11-09,15.3811
2017-11-10,0.0000
2017-11-11,0.0000
2017-11-12,31.5463
2017-11-13,0.0000
2017-11-14,0.0000
2017-11-15,0.0000
2017-11-16,0.0000
2017-11-17,0.0000
2017-11-18,7.7405
2017-11-19,0.0000
2017-11-20,5.2068
2017-11-21,2.8195
2017-11-22,0.0000
2017-11-23,0.0000
2017-11-24,0.0000
2017-11-25,0.0000
2017-11-26,7.1260
2017-11-27,3.3459
2017-11-28,8.4561
2017-11-29,0.0000
2017-11-30,0.0000
2017-12-01,18.0590
2017-12-02,5.0584
2017-12-03,3.3791
2017-12-04,0.0000
2017-12-05,0.0000
2017-12-06,0.0000
2017-12-07,0.0000
2017-12-08,0.0000
2017-12-09,0.0000
2017-12-10,5.3631
2017-12-11,11.7625
2017-12-12,0.0000
2017-12-13,2.0838
2017-12-14,11.8369
2017-12-15,0.0000
2017-12-16,0.0000
2017-12-17,0.0000
2017-12-18,0.0000
2017-12-19,0.0000
2017-12-20,0.0000
2017-12-21,0.0000
2017-12-22,0.0000
2017-12-23,0.0000
2017-12-24,0.0000
2017-12-25,0.0000
2017-12-26,0.0000
2017-12-27,0.0000
2017-12-28,0.0000
2017-12-29,0.0000
2017-12-30,0.0000
2017-12-31,0.0000
2018-01-01,0.0000
2018-01-02,0.0000
2018-01-03,0.0000
2018-01-04,0.0000
2018-01-05,0.0000
2018-01-06,0.0000
2018-01-07,0.0000
2018-01-08,0.0000
2018-01-09,0.0000
2018-01-10,0.0000
2018-01-11,0.0000
2018-01-12,0.0000
2018-01-13,0.0000
2018-01-14,0.0000
2018-01-15,0.0000
2018-01-16,0.0000
2018-01-17,0.0000
2018-01-18,0.0000
2018-01-19,0.0000
2018-01-20,0.0000
2018-01-21,0.0000
2018-01-22,0.0000
2018-01-23,0.0000
2018-01-24,0.0000
2018-01-25,0.0000
2018-01-26,0.0000
2018-01-27,0.0000
2018-01-28,0.8490
2018-01-29,0.0000
2018-01-30,0.0000
2018-01-31,0.0000
2018-02-01,0.0000
2018-02-02,0.0000
2018-02-03,0.0000
2018-02-04,0.0000
2018-02-05,0.0000
2018-02-06,0.0000
2018-02-07,0.0000
2018-02-08,0.0000
2018-02-09,0.6306
2018-02-10,0.1029
2018-02-11,0.0000
2018-02-12,2.2382
2018-02-13,0.0000
2018-02-14,0.0000
2018-02-15,0.0000
2018-02-16,0.0000
2018-02-17,0.0000
2018-02-18,0.0000
2018-02-19,0.0000
2018-02-20,0.0000
2018-02-21,0.0000
2018-02-22,0.0000
2018-02-23,0.0000
2018-02-24,0.0000
2018-02-25,0.0000
2018-02-26,0.0000
2018-02-27,0.0000
2018-02-28,0.0000
2018-03-01,0.0000
2018-03-02,0.0000
2018-03-03,0.0000
2018-03-04,0.0000
2018-03-05,0.0000
2018-03-06,0.0000
2018-03-07,0.0000
2018-03-08,0.0000
2018-03-09,0.0000
2018-03-10,0.0000
2018-03-11,0.0000
2018-03-12,0.0000
2018-03-13,0.0000
2018-03-14,3.0687
2018-03-15,0.7889
2018-03-16,0.0000
2018-03-17,0.6174
2018-03-18,0.0000
2018-03-19,10.0675
2018-03-20,0.3991
2018-03-21,0.3661
2018-03-22,14.0495
2018-03-23,0.0000
2018-03-24,0.0000
2018-03-25,0.0000
2018-03-26,0.0000
2018-03-27,0.0000
2018-03-28,4.1621
2018-03-29,3.2930
2018-03-30,0.0000
2018-03-31,0.0000
2018-04-01,0.0000
2018-04-02,1.9466
2018-04-03,0.0000
2018-04-04,0.0000
2018-04-05,0.1710
2018-04-06,1.5563
2018-04-07,0.0000
2018-04-08,3.8257
2018-04-09,0.0000
2018-04-10,2.5608
2018-04-11,18.4407
2018-04-12,1.3744
2018-04-13,0.9726
2018-04-14,8.3261
2018-04-15,0.4414
2018-04-16,1.8083
2018-04-17,0.5294
2018-04-18,0.4887
2018-04-19,8.3160
2018-04-20,17.1174
2018-04-21,0.0000
2018-04-22,10.2007
2018-04-23,0.0000
2018-04-24,1.8370
2018-04-25,0.6359
2018-04-26,1.6705
2018-04-27,0.7528
2018-04-28,26.4521
2018-04-29,0.0000
2018-04-30,0.0000
2018-05-01,0.0000
2018-05-02,0.0000
2018-05-03,5.8678
2018-05-04,9.9191
2018-05-05,0.5050
2018-05-06,50.3622
2018-05-07,5.3534
2018-05-08,0.0000
2018-05-09,0.3820
2018-05-10,7.0212
2018-05-11,11.4254
2018-05-12,18.2480
2018-05-13,15.1495
2018-05-14,0.3087
2018-05-15,0.0000
2018-05-16,26.6623
2018-05-17,0.0000
2018-05-18,22.3682
2018-05-19,0.0000
2018-05-20,0.2058
2018-05-21,21.3793
2018-05-22,24.2376
2018-05-23,0.0000
2018-05-24,13.5359
2018-05-25,49.2733
2018-05-26,2.9380
2018-05-27,13.1651
2018-05-28,9.9968
2018-05-29,26.0999
2018-05-30,10.3914
2018-05-31,1.7161
2018-06-01,8.7200
2018-06-02,4.1289
2018-06-03,45.5880
2018-06-04,50.6830
2018-06-05,13.1669
2018-06-06,11.8157
2018-06-07,13.6668
2018-06-08,20.1865
2018-06-09,14.9019
2018-06-10,11.0198
2018-06-11,23.2266
2018-06-12,8.7187
2018-06-13,0.4726
2018-06-14,43.9413
2018-06-15,25.6871
2018-06-16,0.4200
2018-06-17,6.7624
2018-06-18,0.3897
2018-06-19,2.7009
2018-06-20,78.0534
2018-06-21,55.0789
2018-06-22,34.1480
2018-06-23,7.5795
2018-06-24,2.6324
2018-06-25,2.2267
2018-06-26,21.7781
2018-06-27,21.9581
2018-06-28,14.6879
2018-06-29,8.3023
2018-06-30,14.0494
2018-07-01,0.6133
2018-07-02,27.0623
2018-07-03,2.5155
2018-07-04,0.7299
2018-07-05,0.1400
2018-07-06,1.2241
2018-07-07,1.6826
2018-07-08,19.4598
2018-07-09,40.9938
2018-07-10,61.8533
2018-07-11,34.9413
2018-07-12,59.0114
2018-07-13,8.9959
2018-07-14,8.2995
2018-07-15,41.5280
2018-07-16,130.3253
2018-07-17,23.5898
2018-07-18,50.8136
2018-07-19,29.6605
2018-07-20,29.4446
2018-07-21,3.4558
2018-07-22,5.6895
2018-07-23,15.5903
2018-07-24,31.0436
2018-07-25,9.4296
2018-07-26,3.6968
2018-07-27,4.2259
2018-07-28,0.4940
2018-07-29,0.6315
2018-07-30,4.6691
2018-07-31,103.6944
2018-08-01,25.3663
2018-08-02,18.6172
2018-08-03,9.3258
2018-08-04,6.7267
2018-08-05,4.1795
2018-08-06,5.5232
2018-08-07,1.4191
2018-08-08,29.4165
2018-08-09,64.6874
2018-08-10,19.5227
2018-08-11,19.3578
2018-08-12,6.1483
2018-08-13,13.2839
2018-08-14,0.8688
2018-08-15,95.6853
2018-08-16,100.3204
2018-08-17,46.7887
2018-08-18,50.9452
2018-08-19,28.4059
2018-08-20,11.6623
2018-08-21,8.1533
2018-08-22,7.2629
2018-08-23,0.3254
2018-08-24,0.0000
2018-08-25,0.0000
2018-08-26,0.0000
2018-08-27,2.2433
2018-08-28,27.4319
2018-08-29,13.8617
2018-08-30,0.3806
2018-08-31,0.8306
2018-09-01,0.0000
2018-09-02,0.0000
2018-09-03,0.0000
2018-09-04,0.0000
2018-09-05,0.0000
2018-09-06,0.0000
2018-09-07,0.2548
2018-09-08,1.6396
2018-09-09,0.0000
2018-09-10,0.0000
2018-09-11,0.0000
2018-09-12,0.0000
2018-09-13,0.0000
2018-09-14,0.0000
2018-09-15,0.0000
2018-09-16,0.0000
2018-09-17,0.0000
2018-09-18,0.3610
2018-09-19,1.8074
2018-09-20,8.6889
2018-09-21,3.9820
2018-09-22,0.0000
2018-09-23,4.4774
2018-09-24,15.5276
2018-09-25,3.4277
2018-09-26,0.0000
2018-09-27,0.7930
2018-09-28,0.7864
2018-09-29,37.6518
2018-09-30,3.9240
2018-10-01,0.3812
2018-10-02,0.0000
2018-10-03,19.1539
2018-10-04,56.4777
2018-10-05,20.0640
2018-10-06,2.7446
2018-10-07,14.1719
2018-10-08,13.8504
2018-10-09,9.5552
2018-10-10,0.0000
2018-10-11,5.8057
2018-10-12,22.5222
2018-10-13,0.0000
2018-10-14,25.2657
2018-10-15,30.8568
2018-10-16,0.7860
2018-10-17,64.7662
2018-10-18,0.0000
2018-10-19,7.4495
2018-10-20,13.1669
2018-10-21,11.0572
2018-10-22,20.0907
2018-10-23,4.1894
2018-10-24,0.0000
2018-10-25,13.5790
2018-10-26,0.0000
2018-10-27,0.0000
2018-10-28,0.0000
2018-10-29,0.0000
2018-10-30,0.0000
2018-10-31,0.0000
2018-11-01,1.8266
2018-11-02,0.0000
2018-11-03,18.2140
2018-11-04,2.3976
2018-11-05,0.0000
2018-11-06,0.0000
2018-11-07,0.0000
2018-11-08,0.0000
2018-11-09,0.1544
2018-11-10,0.0000
2018-11-11,0.7575
2018-11-12,0.0000
2018-11-13,3.0103
2018-11-14,0.0000
2018-11-15,0.0000
2018-11-16,3.0885
2018-11-17,41.5660
2018-11-18,0.0000
2018-11-19,1.3444
2018-11-20,9.5090
2018-11-21,4.5909
2018-11-22,0.0000
2018-11-23,0.2425
2018-11-24,2.2890
2018-11-25,9.2351
2018-11-26,0.1999
2018-11-27,0.0000
2018-11-28,0.0000
2018-11-29,0.0000
2018-11-30,17.0179
2018-12-01,0.0000
2018-12-02,0.0000
2018-12-03,0.0000
2018-12-04,0.0000
2018-12-05,36.4346
2018-12-06,0.6282
2018-12-07,2.0466
2018-12-08,0.6946
2018-12-09,0.0000
2018-12-10,0.0000
2018-12-11,0.0000
2018-12-12,0.0000
2018-12-13,0.0000
2018-12-14,0.5315
2018-12-15,0.0000
2018-12-16,0.0000
2018-12-17,0.0000
2018-12-18,0.0000
2018-12-19,0.0000
2018-12-20,0.1261
2018-12-21,0.0000
2018-12-22,0.0000
2018-12-23,0.0000
2018-12-24,0.0000
2018-12-25,1.1960
2018-12-26,4.9432
2018-12-27,0.0000
2018-12-28,1.6208
2018-12-29,12.1934
2018-12-30,0.0000
2018-12-31,0.0000
2019-01-01,0.0000
2019-01-02,0.0000
2019-01-03,0.0000
2019-01-04,0.0000
2019-01-05,0.0000
2019-01-06,0.0000
2019-01-07,0.0000
2019-01-08,0.0000
2019-01-09,0.0000
2019-01-10,0.0000
2019-01-11,0.0000
2019-01-12,0.0000
2019-01-13,0.0000
2019-01-14,0.0000
2019-01-15,0.0000
2019-01-16,0.0000
2019-01-17,0.0000
2019-01-18,0.0000
2019-01-19,0.0000
2019-01-20,0.0000
2019-01-21,0.0000
2019-01-22,0.0000
2019-01-23,0.0000
2019-01-24,0.0000
2019-01-25,0.0000
2019-01-26,0.0000
2019-01-27,0.0000
2019-01-28,0.0000
2019-01-29,0.0000
2019-01-30,0.0000
2019-01-31,0.0000
2019-02-01,0.0000
2019-02-02,0.0000
2019-02-03,0.0000
2019-02-04,0.0000
2019-02-05,0.0000
2019-02-06,0.0000
2019-02-07,2.8029
2019-02-08,0.0000
2019-02-09,0.0000
2019-02-10,0.1303
2019-02-11,2.5522
2019-02-12,0.0000
2019-02-13,0.0000
2019-02-14,0.0000
2019-02-15,0.0000
2019-02-16,0.0000
2019-02-17,0.0000
2019-02-18,0.0000
2019-02-19,0.0000
2019-02-20,0.0000
2019-02-21,0.0000
2019-02-22,0.0000
2019-02-23,0.0000
2019-02-24,0.0000
2019-02-25,0.0000
2019-02-26,0.0000
2019-02-27,0.0000
2019-02-28,0.0000
2019-03-01,0.0000
2019-03-02,0.0000
2019-03-03,9.0066
2019-03-04,0.0000
2019-03-05,0.0000
2019-03-06,0.0000
2019-03-07,0.0000
2019-03-08,0.0000
2019-03-09,0.0000
2019-03-10,1.5784
2019-03-11,20.0249
2019-03-12,0.0000
2019-03-13,0.0000
2019-03-14,0.0000
2019-03-15,0.0000
2019-03-16,0.0000
2019-03-17,0.0000
2019-03-18,0.0000
2019-03-19,0.0000
2019-03-20,0.0000
2019-03-21,0.0000
2019-03-22,0.0000
2019-03-23,0.0000
2019-03-24,0.0000
2019-03-25,0.0000
2019-03-26,0.0000
2019-03-27,0.0000
2019-03-28,0.0000
2019-03-29,0.0000
2019-03-30,0.0000
2019-03-31,0.0000
2019-04-01,0.0000
2019-04-02,0.0000
2019-04-03,0.0000
2019-04-04,0.0000
2019-04-05,0.0000
2019-04-06,0.0000
2019-04-07,0.0000
2019-04-08,0.0000
2019-04-09,0.0000
2019-04-10,0.0000
2019-04-11,0.0000
2019-04-12,0.0000
2019-04-13,0.0000
2019-04-14,0.0000
2019-04-15,0.0000
2019-04-16,0.0000
2019-04-17,0.0000
2019-04-18,1.3476
2019-04-19,0.4859
2019-04-20,0.2851
2019-04-21,15.0225
2019-04-22,0.0000
2019-04-23,3.5204
2019-04-24,0.0000
2019-04-25,2.1325
2019-04-26,0.5558
2019-04-27,0.0000
2019-04-28,0.0000
2019-04-29,0.0000
2019-04-30,0.1355
2019-05-01,4.4843
2019-05-02,2.1721
2019-05-03,0.0000
2019-05-04,0.0000
2019-05-05,0.0000
2019-05-06,0.0000
2019-05-07,0.0000
2019-05-08,0.0000
2019-05-09,0.0000
2019-05-10,0.0000
2019-05-11,0.0000
2019-05-12,0.0000
2019-05-13,0.0000
2019-05-14,0.0000
2019-05-15,0.0000
2019-05-16,0.0000
2019-05-17,0.0000
2019-05-18,0.0000
2019-05-19,0.2573
2019-05-20,0.0000
2019-05-21,0.0000
2019-05-22,0.0000
2019-05-23,0.0000
2019-05-24,0.3087
2019-05-25,15.4762
2019-05-26,0.0000
2019-05-27,0.2052
2019-05-28,0.0000
2019-05-29,0.0000
2019-05-30,0.0000
2019-05-31,3.2898
2019-06-01,14.8613
2019-06-02,0.0000
2019-06-03,57.8472
2019-06-04,7.0754
2019-06-05,0.5891
2019-06-06,6.8322
2019-06-07,64.1700
2019-06-08,0.2564
2019-06-09,40.7269
2019-06-10,105.6157
2019-06-11,27.9081
2019-06-12,32.3407
2019-06-13,21.7650
2019-06-14,5.7640
2019-06-15,1.1406
2019-06-16,0.9038
2019-06-17,0.1428
2019-06-18,0.1285
2019-06-19,6.1675
2019-06-20,11.1566
2019-06-21,26.3080
2019-06-22,21.3094
2019-06-23,20.3719
2019-06-24,3.8889
2019-06-25,6.3922
2019-06-26,0.0000
2019-06-27,0.0000
2019-06-28,0.0000
2019-06-29,0.3485
2019-06-30,0.1596
2019-07-01,0.0000
2019-07-02,0.1428
2019-07-03,0.8893
2019-07-04,8.1742
2019-07-05,11.7141
2019-07-06,1.7852
2019-07-07,6.1950
2019-07-08,5.2282
2019-07-09,13.6850
2019-07-10,4.3967
2019-07-11,16.8727
2019-07-12,0.0000
2019-07-13,0.0000
2019-07-14,10.2542
2019-07-15,6.5122
2019-07-16,3.1714
2019-07-17,8.3225
2019-07-18,47.0571
2019-07-19,86.7760
2019-07-20,55.3355
2019-07-21,46.0435
2019-07-22,56.7838
2019-07-23,6.7871
2019-07-24,22.0500
2019-07-25,0.6450
2019-07-26,1.2139
2019-07-27,0.0000
2019-07-28,0.0000
2019-07-29,0.0000
2019-07-30,0.0000
2019-07-31,0.1026
2019-08-01,0.0000
2019-08-02,0.0000
2019-08-03,0.0000
2019-08-04,1.2996
2019-08-05,0.0000
2019-08-06,2.2574
2019-08-07,25.7284
2019-08-08,36.1330
2019-08-09,55.2998
2019-08-10,72.2077
2019-08-11,84.7665
2019-08-12,30.1205
2019-08-13,26.8313
2019-08-14,57.4188
2019-08-15,19.0108
2019-08-16,3.7187
2019-08-17,0.4039
2019-08-18,0.5935
2019-08-19,0.7907
2019-08-20,0.1775
2019-08-21,14.6344
2019-08-22,18.0268
2019-08-23,29.3009
2019-08-24,0.8101
2019-08-25,5.1855
2019-08-26,26.3549
2019-08-27,33.0929
2019-08-28,4.1771
2019-08-29,4.7723
2019-08-30,42.2714
2019-08-31,25.2818
2019-09-01,1.4376
2019-09-02,19.9471
2019-09-03,22.6553
2019-09-04,1.8634
2019-09-05,10.2285
2019-09-06,8.3020
2019-09-07,13.8939
2019-09-08,2.3137
2019-09-09,0.6711
2019-09-10,41.7557
2019-09-11,13.1762
2019-09-12,26.4110
2019-09-13,1.2101
2019-09-14,2.1408
2019-09-15,11.1865
2019-09-16,12.0206
2019-09-17,10.9157
2019-09-18,30.4004
2019-09-19,3.5045
2019-09-20,14.6351
2019-09-21,0.9533
2019-09-22,2.8333
2019-09-23,3.0966
2019-09-24,11.3241
2019-09-25,33.3115
2019-09-26,13.8850
2019-09-27,3.9432
2019-09-28,0.0000
2019-09-29,1.1520
2019-09-30,14.6590
2019-10-01,5.6014
2019-10-02,0.9472
2019-10-03,4.9590
2019-10-04,0.0000
2019-10-05,0.0000
2019-10-06,3.2459
2019-10-07,61.9003
2019-10-08,2.1666
2019-10-09,15.0703
2019-10-10,17.6532
2019-10-11,1.3545
2019-10-12,0.6455
2019-10-13,5.2617
2019-10-14,5.5038
2019-10-15,40.6920
2019-10-16,0.2465
2019-10-17,55.2530
2019-10-18,4.5067
2019-10-19,9.2762
2019-10-20,34.2996
2019-10-21,162.1741
2019-10-22,10.8181
2019-10-23,16.7134
2019-10-24,59.8119
2019-10-25,20.9014
2019-10-26,15.1340
2019-10-27,3.8845
2019-10-28,0.0000
2019-10-29,0.0000
2019-10-30,1.4152
2019-10-31,83.5496
2019-11-01,31.3318
2019-11-02,0.0000
2019-11-03,2.9843
2019-11-04,4.2025
2019-11-05,0.1832
2019-11-06,14.1609
2019-11-07,1.7134
2019-11-08,0.6530
2019-11-09,0.8734
2019-11-10,0.1999
2019-11-11,1.8021
2019-11-12,10.2097
2019-11-13,4.4892
2019-11-14,0.4283
2019-11-15,0.0000
2019-11-16,7.7111
2019-11-17,20.4435
2019-11-18,1.3450
2019-11-19,6.0912
2019-11-20,7.5608
2019-11-21,7.1719
2019-11-22,0.0000
2019-11-23,2.9217
2019-11-24,0.5854
2019-11-25,6.1876
2019-11-26,0.0000
2019-11-27,0.0000
2019-11-28,0.0000
2019-11-29,0.0000
2019-11-30,3.6227
2019-12-01,10.7191
2019-12-02,0.4631
2019-12-03,0.6689
2019-12-04,0.0000
2019-12-05,0.0000
2019-12-06,0.0000
2019-12-07,0.0000
2019-12-08,0.0000
2019-12-09,0.0000
2019-12-10,0.0000
2019-12-11,0.0000
2019-12-12,2.1729
2019-12-13,0.0000
2019-12-14,0.2036
2019-12-15,67.9671
2019-12-16,0.0000
2019-12-17,0.0000
2019-12-18,0.0000
2019-12-19,0.0000
2019-12-20,0.0000
2019-12-21,0.0000
2019-12-22,0.0000
2019-12-23,0.0000
2019-12-24,0.0000
2019-12-25,0.0000
2019-12-26,0.0000
2019-12-27,0.0000
2019-12-28,0.0000
2019-12-29,0.0000
2019-12-30,0.0000
2019-12-31,0.0000
2020-01-01,0.0000
2020-01-02,0.0000
2020-01-03,0.0000
2020-01-04,0.0000
2020-01-05,0.0000
2020-01-06,0.0000
2020-01-07,0.0000
2020-01-08,0.0000
2020-01-09,0.0000
2020-01-10,0.0000
2020-01-11,0.0000
2020-01-12,0.0000
2020-01-13,0.0000
2020-01-14,0.0000
2020-01-15,0.0000
2020-01-16,0.0000
2020-01-17,0.0000
2020-01-18,0.0000
2020-01-19,0.0000
2020-01-20,0.0000
2020-01-21,0.0000
2020-01-22,0.0000
2020-01-23,0.0000
2020-01-24,0.0000
2020-01-25,0.0000
2020-01-26,0.0000
2020-01-27,0.0000
2020-01-28,0.0000
2020-01-29,0.0000
2020-01-30,0.0000
2020-01-31,0.0000
2020-02-01,0.0000
2020-02-02,0.0000
2020-02-03,0.0000
2020-02-04,0.0000
2020-02-05,0.0000
2020-02-06,0.1571
2020-02-07,5.9909
2020-02-08,0.1829
2020-02-09,0.0000
2020-02-10,0.0000
2020-02-11,0.0000
2020-02-12,0.0000
2020-02-13,0.0000
2020-02-14,0.0000
2020-02-15,0.0000
2020-02-16,0.0000
2020-02-17,0.0000
2020-02-18,0.0000
2020-02-19,0.0000
2020-02-20,0.0000
2020-02-21,0.0000
2020-02-22,0.0000
2020-02-23,0.0000
2020-02-24,0.0000
2020-02-25,0.0000
2020-02-26,0.0000
2020-02-27,0.0000
2020-02-28,0.0000
2020-02-29,12.8117
2020-03-01,0.0000
2020-03-02,0.0000
2020-03-03,0.0000
2020-03-04,6.7395
2020-03-05,6.3062
2020-03-06,1.3997
2020-03-07,0.0000
2020-03-08,0.0000
2020-03-09,0.0000
2020-03-10,0.1547
2020-03-11,4.6425
2020-03-12,30.2853
2020-03-13,0.0000
2020-03-14,0.0000
2020-03-15,0.0000
2020-03-16,0.0000
2020-03-17,0.0000
2020-03-18,0.0000
2020-03-19,0.0000
2020-03-20,0.8138
2020-03-21,0.0000
2020-03-22,0.0000
2020-03-23,0.0000
2020-03-24,9.6440
2020-03-25,0.3957
2020-03-26,0.3665
2020-03-27,0.0000
2020-03-28,0.0000
2020-03-29,0.0000
2020-03-30,0.0000
2020-03-31,0.2467
2020-04-01,0.0000
2020-04-02,0.0000
2020-04-03,0.0000
2020-04-04,0.0000
2020-04-05,0.0000
2020-04-06,42.7736
2020-04-07,19.0809
2020-04-08,0.0000
2020-04-09,0.0000
2020-04-10,0.3811
2020-04-11,0.0000
2020-04-12,0.0000
2020-04-13,0.0000
2020-04-14,1.0805
2020-04-15,0.0000
2020-04-16,5.3747
2020-04-17,0.0000
2020-04-18,0.0000
2020-04-19,18.0260
2020-04-20,14.4654
2020-04-21,4.7144
2020-04-22,17.3979
2020-04-23,0.8093
2020-04-24,0.8095
2020-04-25,0.7609
2020-04-26,0.0000
2020-04-27,2.2334
2020-04-28,0.0000
2020-04-29,12.8713
2020-04-30,0.3115
2020-05-01,0.1303
2020-05-02,0.5854
2020-05-03,0.0000
2020-05-04,9.0000
2020-05-05,0.0000
2020-05-06,0.0000
2020-05-07,0.5057
2020-05-08,11.7361
2020-05-09,24.9977
2020-05-10,1.4808
2020-05-11,0.2770
2020-05-12,0.6050
2020-05-13,23.5469
2020-05-14,0.0000
2020-05-15,19.3892
2020-05-16,51.3163
2020-05-17,1.2481
2020-05-18,54.6297
2020-05-19,48.5397
2020-05-20,18.5713
2020-05-21,1.2683
2020-05-22,50.1760
2020-05-23,4.7079
2020-05-24,4.2719
2020-05-25,3.9099
2020-05-26,17.5447
2020-05-27,1.7829
2020-05-28,33.6600
2020-05-29,15.2095
2020-05-30,0.3829
2020-05-31,0.2362
2020-06-01,19.3680
2020-06-02,49.6898
2020-06-03,21.1860
2020-06-04,12.2452
2020-06-05,3.3469
2020-06-06,68.7735
2020-06-07,20.4212
2020-06-08,6.0268
2020-06-09,0.3344
2020-06-10,3.9677
2020-06-11,10.3153
2020-06-12,20.7522
2020-06-13,16.3530
2020-06-14,42.9523
2020-06-15,1.0626
2020-06-16,21.3090
2020-06-17,3.9732
2020-06-18,10.1311
2020-06-19,6.3861
2020-06-20,21.4147
2020-06-21,4.3600
2020-06-22,49.7038
2020-06-23,8.6338
2020-06-24,0.0000
2020-06-25,8.4826
2020-06-26,12.3395
2020-06-27,36.5983
2020-06-28,8.9839
2020-06-29,1.9261
2020-06-30,26.1376
2020-07-01,0.2410
2020-07-02,4.7230
2020-07-03,18.6575
2020-07-04,12.6173
2020-07-05,15.7593
2020-07-06,10.9856
2020-07-07,21.8674
2020-07-08,0.2915
2020-07-09,0.3494
2020-07-10,8.7703
2020-07-11,0.0000
2020-07-12,7.0762
2020-07-13,5.8013
2020-07-14,0.8314
2020-07-15,1.8272
2020-07-16,11.8813
2020-07-17,30.7118
2020-07-18,9.9991
2020-07-19,3.0371
2020-07-20,0.2573
2020-07-21,4.0173
2020-07-22,4.0993
2020-07-23,15.8188
2020-07-24,10.2841
2020-07-25,1.6513
2020-07-26,19.8639
2020-07-27,0.0000
2020-07-28,3.0936
2020-07-29,59.6118
2020-07-30,87.9074
2020-07-31,19.3934
2020-08-01,13.9476
2020-08-02,20.1005
2020-08-03,40.3678
2020-08-04,9.3342
2020-08-05,6.4269
2020-08-06,1.3155
2020-08-07,35.7303
2020-08-08,81.9997
2020-08-09,50.8791
2020-08-10,51.8946
2020-08-11,9.5571
2020-08-12,0.2156
2020-08-13,0.0000
2020-08-14,0.3014
2020-08-15,0.0000
2020-08-16,0.0000
2020-08-17,3.6318
2020-08-18,0.1286
2020-08-19,4.9834
2020-08-20,0.0000
2020-08-21,2.2006
2020-08-22,0.0000
2020-08-23,1.4652
2020-08-24,1.1369
2020-08-25,0.0000
2020-08-26,0.0000
2020-08-27,0.0000
2020-08-28,0.0000
2020-08-29,0.0000
2020-08-30,0.6933
2020-08-31,5.6586
2020-09-01,0.3658
2020-09-02,2.0095
2020-09-03,54.4029
2020-09-04,21.6535
2020-09-05,25.4554
2020-09-06,33.2920
2020-09-07,141.1078
2020-09-08,11.2871
2020-09-09,26.7587
2020-09-10,23.1303
2020-09-11,11.0803
2020-09-12,52.8436
2020-09-13,36.2552
2020-09-14,29.6357
2020-09-15,13.3258
2020-09-16,6.7744
2020-09-17,12.1230
2020-09-18,16.8860
2020-09-19,17.3741
2020-09-20,56.7803
2020-09-21,28.5112
2020-09-22,18.7378
2020-09-23,13.7284
2020-09-24,7.9393
2020-09-25,0.0000
2020-09-26,1.9575
2020-09-27,0.2573
2020-09-28,1.3020
2020-09-29,0.4116
2020-09-30,9.1072
2020-10-01,1.1235
2020-10-02,0.0000
2020-10-03,0.4638
2020-10-04,0.6174
2020-10-05,0.0000
2020-10-06,0.0000
2020-10-07,12.9465
2020-10-08,0.3576
2020-10-09,47.4543
2020-10-10,0.0000
2020-10-11,33.9667
2020-10-12,19.9717
2020-10-13,15.9166
2020-10-14,13.5473
2020-10-15,18.9514
2020-10-16,11.8631
2020-10-17,21.2393
2020-10-18,0.0000
2020-10-19,1.0494
2020-10-20,43.1224
2020-10-21,2.0905
2020-10-22,3.0704
2020-10-23,0.0000
2020-10-24,0.0000
2020-10-25,0.0000
2020-10-26,0.0000
2020-10-27,55.5728
2020-10-28,0.4561
2020-10-29,2.7226
2020-10-30,1.6295
2020-10-31,0.0000
2020-11-01,0.0000
2020-11-02,0.0000
2020-11-03,0.0000
2020-11-04,0.3712
2020-11-05,11.5932
2020-11-06,8.1942
2020-11-07,0.0000
2020-11-08,0.0000
2020-11-09,6.1592
2020-11-10,0.0000
2020-11-11,0.0000
2020-11-12,0.2058
2020-11-13,0.0000
2020-11-14,10.7681
2020-11-15,0.0000
2020-11-16,1.9880
2020-11-17,1.1958
2020-11-18,45.1883
2020-11-19,0.0000
2020-11-20,0.0000
2020-11-21,5.1734
2020-11-22,0.0000
2020-11-23,0.0000
2020-11-24,0.0000
2020-11-25,0.0000
2020-11-26,0.0000
2020-11-27,6.0208
2020-11-28,0.0000
2020-11-29,0.7882
2020-11-30,0.0000
2020-12-01,0.1544
2020-12-02,0.0000
2020-12-03,0.0000
2020-12-04,0.8567
2020-12-05,6.6856
2020-12-06,9.2246
2020-12-07,19.4022
2020-12-08,8.8695
2020-12-09,0.1029
2020-12-10,0.0000
2020-12-11,0.4283
2020-12-12,12.2452
2020-12-13,0.8490
2020-12-14,0.0000
2020-12-15,0.0000
2020-12-16,0.0000
2020-12-17,0.0000
2020-12-18,2.5093
2020-12-19,0.0000
2020-12-20,0.0000
2020-12-21,0.0000
2020-12-22,0.0000
2020-12-23,0.0000
2020-12-24,0.0000
2020-12-25,0.0000
2020-12-26,0.0000
2020-12-27,0.0000
2020-12-28,0.0000
2020-12-29,0.0000
2020-12-30,0.0000
2020-12-31,18.1674
2021-01-01,4.0461
2021-01-02,0.0000
2021-01-03,0.0000
2021-01-04,0.0000
2021-01-05,12.9279
2021-01-06,2.5108
2021-01-07,11.3321
2021-01-08,10.7586
2021-01-09,5.7673
2021-01-10,0.1999
2021-01-11,26.3339
2021-01-12,2.1386
2021-01-13,0.1800
2021-01-14,3.9784
2021-01-15,0.0000
2021-01-16,0.1873
2021-01-17,4.5697
2021-01-18,0.0000
2021-01-19,0.0000
2021-01-20,0.0000
2021-01-21,0.0000
2021-01-22,0.0000
2021-01-23,0.0000
2021-01-24,0.0000
2021-01-25,0.0000
2021-01-26,0.0000
2021-01-27,0.0000
2021-01-28,0.0000
2021-01-29,0.0000
2021-01-30,0.0000
2021-01-31,0.0000
2021-02-01,0.0000
2021-02-02,0.0000
2021-02-03,0.0000
2021-02-04,0.0000
2021-02-05,0.0000
2021-02-06,0.0000
2021-02-07,0.0000
2021-02-08,0.0000
2021-02-09,0.0000
2021-02-10,0.0000
2021-02-11,0.0000
2021-02-12,0.0000
2021-02-13,0.0000
2021-02-14,0.0000
2021-02-15,0.0000
2021-02-16,0.0000
2021-02-17,0.0000
2021-02-18,0.0000
2021-02-19,0.0000
2021-02-20,0.0000
2021-02-21,0.0000
2021-02-22,0.2522
2021-02-23,0.0000
2021-02-24,0.0000
2021-02-25,0.0000
2021-02-26,0.0000
2021-02-27,0.0000
2021-02-28,0.0000
2021-03-01,0.0000
2021-03-02,0.0000
2021-03-03,0.0000
2021-03-04,0.0000
2021-03-05,0.0000
2021-03-06,0.0000
2021-03-07,0.0000
2021-03-08,0.0000
2021-03-09,0.0000
2021-03-10,1.6863
2021-03-11,20.0315
2021-03-12,0.5608
2021-03-13,0.0000
2021-03-14,0.0000
2021-03-15,0.0000
2021-03-16,0.0000
2021-03-17,0.0000
2021-03-18,0.0000
2021-03-19,0.0000
2021-03-20,0.0000
2021-03-21,0.0000
2021-03-22,1.0995
2021-03-23,0.0000
2021-03-24,2.0337
2021-03-25,11.3707
2021-03-26,4.9949
2021-03-27,0.0000
2021-03-28,4.6496
2021-03-29,0.0000
2021-03-30,9.1586
2021-03-31,6.7918
2021-04-01,3.6576
2021-04-02,35.5133
2021-04-03,0.0000
2021-04-04,0.0000
2021-04-05,0.0000
2021-04-06,0.0000
2021-04-07,0.5783
2021-04-08,12.2001
2021-04-09,0.2998
2021-04-10,0.0000
2021-04-11,2.4271
2021-04-12,0.5996
2021-04-13,12.9058
2021-04-14,2.5343
2021-04-15,0.9240
2021-04-16,2.4488
2021-04-17,5.9132
2021-04-18,0.0000
2021-04-19,3.7492
2021-04-20,3.2656
2021-04-21,0.0000
2021-04-22,0.3262
2021-04-23,0.0000
2021-04-24,0.0000
2021-04-25,1.3439
2021-04-26,0.0000
2021-04-27,0.5376
2021-04-28,0.0000
2021-04-29,2.9698
2021-04-30,1.2448
2021-05-01,0.0000
2021-05-02,0.5660
2021-05-03,58.9703
2021-05-04,0.0000
2021-05-05,2.6039
2021-05-06,4.5536
2021-05-07,0.6972
2021-05-08,15.7616
2021-05-09,0.0000
2021-05-10,0.2118
2021-05-11,7.0337
2021-05-12,15.0193
2021-05-13,10.4439
2021-05-14,85.8018
2021-05-15,135.9757
2021-05-16,41.5328
2021-05-17,35.8362
2021-05-18,5.1690
2021-05-19,0.0000
2021-05-20,44.5063
2021-05-21,23.7853
2021-05-22,3.4827
2021-05-23,20.3245
2021-05-24,0.0000
2021-05-25,0.8852
2021-05-26,70.6002
2021-05-27,66.1915
2021-05-28,17.3164
2021-05-29,39.9275
2021-05-30,0.0000
2021-05-31,1.2850
2021-06-01,39.4017
2021-06-02,16.2227
2021-06-03,10.6285
2021-06-04,25.5032
2021-06-05,8.6810
2021-06-06,21.0717
2021-06-07,0.0000
2021-06-08,0.7567
2021-06-09,8.8378
2021-06-10,17.9897
2021-06-11,4.7518
2021-06-12,16.5689
2021-06-13,30.0580
2021-06-14,28.2344
2021-06-15,4.4509
2021-06-16,4.5725
2021-06-17,4.9048
2021-06-18,2.0664
2021-06-19,0.2199
2021-06-20,4.7240
2021-06-21,10.0710
2021-06-22,6.9324
2021-06-23,3.8572
2021-06-24,7.3722
2021-06-25,0.0000
2021-06-26,0.6357
2021-06-27,31.4072
2021-06-28,0.2281
2021-06-29,4.2763
2021-06-30,0.1029
2021-07-01,1.5448
2021-07-02,20.4403
2021-07-03,0.1944
2021-07-04,4.7584
2021-07-05,4.2709
2021-07-06,7.1345
2021-07-07,3.8921
2021-07-08,22.5332
2021-07-09,14.8135
2021-07-10,69.9256
2021-07-11,19.1826
2021-07-12,9.2992
2021-07-13,3.1802
2021-07-14,13.3908
2021-07-15,24.1842
2021-07-16,70.1431
2021-07-17,19.3166
2021-07-18,12.5961
2021-07-19,4.5724
2021-07-20,0.0000
2021-07-21,0.6921
2021-07-22,3.8864
2021-07-23,7.6999
2021-07-24,23.8954
2021-07-25,7.7960
2021-07-26,12.3738
2021-07-27,25.0057
2021-07-28,13.8756
2021-07-29,1.2646
2021-07-30,0.1057
2021-07-31,0.9676
2021-08-01,1.8557
2021-08-02,0.2943
2021-08-03,2.7869
2021-08-04,11.3123
2021-08-05,0.5154
2021-08-06,26.5640
2021-08-07,93.9334
2021-08-08,3.9335
2021-08-09,0.1134
2021-08-10,4.1637
2021-08-11,0.0000
2021-08-12,28.7032
2021-08-13,2.3473
2021-08-14,22.0844
2021-08-15,3.5978
2021-08-16,1.3278
2021-08-17,0.0000
2021-08-18,0.9008
2021-08-19,22.2744
2021-08-20,0.1795
2021-08-21,0.0000
2021-08-22,0.0000
2021-08-23,6.6856
2021-08-24,3.9317
2021-08-25,7.4860
2021-08-26,16.4005
2021-08-27,58.1619
2021-08-28,24.1432
2021-08-29,42.2260
2021-08-30,18.8917
2021-08-31,4.7863
2021-09-01,4.5889
2021-09-02,7.9496
2021-09-03,3.6320
2021-09-04,5.9213
2021-09-05,28.7009
2021-09-06,10.3285
2021-09-07,5.3523
2021-09-08,3.8238
2021-09-09,0.0000
2021-09-10,1.0540
2021-09-11,0.5946
2021-09-12,8.2648
2021-09-13,22.4760
2021-09-14,11.3054
2021-09-15,0.3469
2021-09-16,80.5635
2021-09-17,4.0338
2021-09-18,0.7947
2021-09-19,0.0000
2021-09-20,0.0000
2021-09-21,0.0000
2021-09-22,4.2926
2021-09-23,3.3507
2021-09-24,1.0805
2021-09-25,1.3635
2021-09-26,0.0000
2021-09-27,59.6579
2021-09-28,33.5354
2021-09-29,17.5017
2021-09-30,10.5694
2021-10-01,7.8807
2021-10-02,10.8346
2021-10-03,10.9178
2021-10-04,0.5944
2021-10-05,13.7871
2021-10-06,18.6374
2021-10-07,0.1428
2021-10-08,12.5281
2021-10-09,37.5316
2021-10-10,7.8647
2021-10-11,38.7018
2021-10-12,18.4332
2021-10-13,9.2027
2021-10-14,17.2124
2021-10-15,4.8649
2021-10-16,29.4829
2021-10-17,46.0891
2021-10-18,2.3701
2021-10-19,0.7722
2021-10-20,1.0175
2021-10-21,28.4310
2021-10-22,0.1003
2021-10-23,23.9124
2021-10-24,6.0880
2021-10-25,0.0000
2021-10-26,25.6377
2021-10-27,3.6061
2021-10-28,44.7273
2021-10-29,1.0174
2021-10-30,7.0793
2021-10-31,0.5083
2021-11-01,7.1540
2021-11-02,25.0297
2021-11-03,7.8177
2021-11-04,9.0235
2021-11-05,25.3326
2021-11-06,0.2998
2021-11-07,0.8111
2021-11-08,0.1428
2021-11-09,3.8772
2021-11-10,1.9309
2021-11-11,17.9459
2021-11-12,2.1904
2021-11-13,67.6103
2021-11-14,54.0935
2021-11-15,39.2826
2021-11-16,61.0641
2021-11-17,25.9921
2021-11-18,0.1999
2021-11-19,9.3161
2021-11-20,28.9243
2021-11-21,0.1428
2021-11-22,0.0000
2021-11-23,0.2573
2021-11-24,8.0438
2021-11-25,0.1029
2021-11-26,15.4260
2021-11-27,0.0000
2021-11-28,14.0696
2021-11-29,66.8237
2021-11-30,3.4924
2021-12-01,5.8659
2021-12-02,0.1585
2021-12-03,0.0000
2021-12-04,0.0000
2021-12-05,0.0000
2021-12-06,0.0000
2021-12-07,0.3502
2021-12-08,0.0000
2021-12-09,0.0000
2021-12-10,13.8649
2021-12-11,0.0000
2021-12-12,0.0000
2021-12-13,0.0000
2021-12-14,0.0000
2021-12-15,0.0000
2021-12-16,0.0000
2021-12-17,0.0000
2021-12-18,0.0000
2021-12-19,0.0000
2021-12-20,0.0000
2021-12-21,0.0000
2021-12-22,0.0000
2021-12-23,0.0000
2021-12-24,0.0000
2021-12-25,0.0000
2021-12-26,0.0000
2021-12-27,0.0000
2021-12-28,0.0000
2021-12-29,0.0000
2021-12-30,0.0000
2021-12-31,0.0000
2022-01-01,0.0000
2022-01-02,0.0000
2022-01-03,0.0000
2022-01-04,0.0000
2022-01-05,0.0000
2022-01-06,0.0000
2022-01-07,0.0000
2022-01-08,0.0000
2022-01-09,0.5801
2022-01-10,0.0000
2022-01-11,0.0000
2022-01-12,0.0000
2022-01-13,0.0000
2022-01-14,0.0000
2022-01-15,0.0000
2022-01-16,0.0000
2022-01-17,0.0000
2022-01-18,0.0000
2022-01-19,0.0000
2022-01-20,0.0000
2022-01-21,0.0000
2022-01-22,0.0000
2022-01-23,0.0000
2022-01-24,0.0000
2022-01-25,0.0000
2022-01-26,0.0000
2022-01-27,0.0000
2022-01-28,0.0000
2022-01-29,0.0000
2022-01-30,0.0000
2022-01-31,0.0000
2022-02-01,0.0000
2022-02-02,0.0000
2022-02-03,0.0000
2022-02-04,0.0000
2022-02-05,0.0000
2022-02-06,0.0000
2022-02-07,0.0000
2022-02-08,0.3087
2022-02-09,0.0000
2022-02-10,2.1874
2022-02-11,0.0000
2022-02-12,0.0000
2022-02-13,13.6277
2022-02-14,0.0000
2022-02-15,4.2191
2022-02-16,0.0000
2022-02-17,0.0000
2022-02-18,0.0000
2022-02-19,0.0000
2022-02-20,0.0000
2022-02-21,0.0000
2022-02-22,0.0000
2022-02-23,0.0000
2022-02-24,0.0000
2022-02-25,0.0000
2022-02-26,0.0000
2022-02-27,0.0000
2022-02-28,12.7170
2022-03-01,0.0000
2022-03-02,0.0000
2022-03-03,0.0000
2022-03-04,0.0000
2022-03-05,0.0000
2022-03-06,6.5503
2022-03-07,0.0000
2022-03-08,0.0000
2022-03-09,0.2628
2022-03-10,0.0000
2022-03-11,0.0000
2022-03-12,0.0000
2022-03-13,0.0000
2022-03-14,0.0000
2022-03-15,0.0000
2022-03-16,11.8022
2022-03-17,11.0462
2022-03-18,0.0000
2022-03-19,0.7004
2022-03-20,4.6434
2022-03-21,0.0000
2022-03-22,0.0000
2022-03-23,0.0000
2022-03-24,0.0000
2022-03-25,0.0000
2022-03-26,0.0000
2022-03-27,0.0000
2022-03-28,2.0994
2022-03-29,14.5860
2022-03-30,0.0000
2022-03-31,6.9851
2022-04-01,0.0000
2022-04-02,20.2161
2022-04-03,1.0751
2022-04-04,4.7531
2022-04-05,0.0000
2022-04-06,31.8077
2022-04-07,18.7785
2022-04-08,0.1029
2022-04-09,69.0330
2022-04-10,15.4602
2022-04-11,7.7712
2022-04-12,13.2248
2022-04-13,4.9988
2022-04-14,0.9493
2022-04-15,0.0000
2022-04-16,0.0000
2022-04-17,5.0384
2022-04-18,2.3111
2022-04-19,5.6446
2022-04-20,0.0000
2022-04-21,0.0000
2022-04-22,0.6174
2022-04-23,0.7648
2022-04-24,1.3276
2022-04-25,0.0000
2022-04-26,0.0000
2022-04-27,0.0000
2022-04-28,4.4331
2022-04-29,4.7098
2022-04-30,0.3141
2022-05-01,0.0000
2022-05-02,0.0000
2022-05-03,0.6821
2022-05-04,0.0000
2022-05-05,0.1140
2022-05-06,4.8032
2022-05-07,0.0000
2022-05-08,0.0000
2022-05-09,0.4968
2022-05-10,4.1647
2022-05-11,12.0446
2022-05-12,18.0666
2022-05-13,3.5303
2022-05-14,8.3010
2022-05-15,123.5539
2022-05-16,5.5225
2022-05-17,31.7374
2022-05-18,26.9610
2022-05-19,38.9537
2022-05-20,11.3929
2022-05-21,20.6751
2022-05-22,2.3117
2022-05-23,5.6634
2022-05-24,39.4085
2022-05-25,1.0403
2022-05-26,38.6922
2022-05-27,0.0000
2022-05-28,10.2081
2022-05-29,3.2434
2022-05-30,32.2024
2022-05-31,0.0000
2022-06-01,1.9894
2022-06-02,6.4981
2022-06-03,27.4478
2022-06-04,0.3602
2022-06-05,1.6887
2022-06-06,108.9825
2022-06-07,25.9960
2022-06-08,0.6077
2022-06-09,10.5388
2022-06-10,1.6838
2022-06-11,23.3021
2022-06-12,7.0878
2022-06-13,3.1954
2022-06-14,6.4867
2022-06-15,0.3087
2022-06-16,2.1008
2022-06-17,0.4343
2022-06-18,2.1553
2022-06-19,11.2107
2022-06-20,0.0000
2022-06-21,24.7928
2022-06-22,8.7711
2022-06-23,2.8534
2022-06-24,61.8226
2022-06-25,30.2478
2022-06-26,0.1612
2022-06-27,0.7567
2022-06-28,8.1773
2022-06-29,19.7801
2022-06-30,14.7362
2022-07-01,21.2342
2022-07-02,1.5646
2022-07-03,27.7417
2022-07-04,32.3581
2022-07-05,15.1548
2022-07-06,6.8923
2022-07-07,16.9031
2022-07-08,15.3056
2022-07-09,8.7751
2022-07-10,2.7900
2022-07-11,25.1373
2022-07-12,0.1248
2022-07-13,1.8196
2022-07-14,11.4007
2022-07-15,0.1506
2022-07-16,11.1646
2022-07-17,0.8417
2022-07-18,20.3801
2022-07-19,16.6261
2022-07-20,0.4718
2022-07-21,0.2212
2022-07-22,1.2888
2022-07-23,0.3714
2022-07-24,3.6181
2022-07-25,0.0000
2022-07-26,0.0000
2022-07-27,0.0000
2022-07-28,3.8254
2022-07-29,7.5187
2022-07-30,0.0000
2022-07-31,3.7263
2022-08-01,61.0590
2022-08-02,35.7524
2022-08-03,15.2560
2022-08-04,37.4285
2022-08-05,5.1254
2022-08-06,9.3415
2022-08-07,2.1102
2022-08-08,1.0525
2022-08-09,0.2573
2022-08-10,1.3250
2022-08-11,0.0000
2022-08-12,8.1411
2022-08-13,0.0000
2022-08-14,4.5762
2022-08-15,0.0000
2022-08-16,0.0000
2022-08-17,0.0000
2022-08-18,0.0000
2022-08-19,0.0000
2022-08-20,0.0000
2022-08-21,0.0000
2022-08-22,18.6479
2022-08-23,51.3442
2022-08-24,22.8364
2022-08-25,6.3266
2022-08-26,0.2753
2022-08-27,0.4781
2022-08-28,43.9638
2022-08-29,21.4076
2022-08-30,152.1699
2022-08-31,9.8605
2022-09-01,7.2349
2022-09-02,15.2111
2022-09-03,0.4578
2022-09-04,16.4832
2022-09-05,4.1957
2022-09-06,18.2978
2022-09-07,6.7029
2022-09-08,6.9151
2022-09-09,5.4878
2022-09-10,1.9954
2022-09-11,4.4283
2022-09-12,0.0000
2022-09-13,8.8498
2022-09-14,2.3334
2022-09-15,12.9726
2022-09-16,0.3087
2022-09-17,2.0155
2022-09-18,3.2193
2022-09-19,1.2152
2022-09-20,2.0988
2022-09-21,0.0000
2022-09-22,5.5890
2022-09-23,0.2573
2022-09-24,0.0000
2022-09-25,0.0000
2022-09-26,0.0000
2022-09-27,0.0000
2022-09-28,0.0000
2022-09-29,0.0000
2022-09-30,11.6159
2022-10-01,3.8207
2022-10-02,4.4648
2022-10-03,23.4574
2022-10-04,0.0000
2022-10-05,0.3747
2022-10-06,5.4728
2022-10-07,0.9776
2022-10-08,10.0001
2022-10-09,0.0000
2022-10-10,0.7996
2022-10-11,0.0000
2022-10-12,0.0000
2022-10-13,0.2362
2022-10-14,39.2085
2022-10-15,1.3417
2022-10-16,16.2963
2022-10-17,2.5507
2022-10-18,10.7595
2022-10-19,3.4967
2022-10-20,3.9169
2022-10-21,9.8242
2022-10-22,6.2654
2022-10-23,0.0000
2022-10-24,11.6227
2022-10-25,2.2298
2022-10-26,0.0000
2022-10-27,0.0000
2022-10-28,0.0000
2022-10-29,49.8252
2022-10-30,4.2191
2022-10-31,1.1834
2022-11-01,34.6870
2022-11-02,0.1544
2022-11-03,4.3976
2022-11-04,0.0000
2022-11-05,29.8515
2022-11-06,5.4282
2022-11-07,4.7717
2022-11-08,0.0000
2022-11-09,1.4850
2022-11-10,0.7983
2022-11-11,0.0000
2022-11-12,21.6871
2022-11-13,0.0000
2022-11-14,0.5564
2022-11-15,63.1615
2022-11-16,0.0000
2022-11-17,0.0000
2022-11-18,10.0173
2022-11-19,0.0000
2022-11-20,0.0000
2022-11-21,0.0000
2022-11-22,0.0000
2022-11-23,0.0000
2022-11-24,0.0000
2022-11-25,0.0000
2022-11-26,0.0000
2022-11-27,0.0000
2022-11-28,23.1726
2022-11-29,31.9196
2022-11-30,11.0975
2022-12-01,0.0000
2022-12-02,0.0000
2022-12-03,2.1922
2022-12-04,1.5124
2022-12-05,11.3621
2022-12-06,0.0000
2022-12-07,0.0000
2022-12-08,0.0000
2022-12-09,0.0000
2022-12-10,0.0000
2022-12-11,73.3484
2022-12-12,31.6080
2022-12-13,19.7099
2022-12-14,0.0000
2022-12-15,35.9955
2022-12-16,0.0000
2022-12-17,0.0000
2022-12-18,0.0000
2022-12-19,0.0000
2022-12-20,0.0000
2022-12-21,0.0000
2022-12-22,0.0000
2022-12-23,0.0000
2022-12-24,0.0000
2022-12-25,0.0000
2022-12-26,2.1503
2022-12-27,3.7837
2022-12-28,0.0000
2022-12-29,0.0000
2022-12-30,0.0000
2022-12-31,0.0000
